iso3,country,region,hdi,year
AFG,Afghanistan,SA,0.511,2019
AGO,Angola,SSA,0.581,2019
ALB,Albania,ECA,0.795,2019
AND,Andorra,,0.868,2019
ARE,United Arab Emirates,AS,0.89,2019
ARG,Argentina,LAC,0.845,2019
ARM,Armenia,ECA,0.776,2019
ATG,Antigua and Barbuda,LAC,0.778,2019
AUS,Australia,,0.944,2019
AUT,Austria,,0.922,2019
AZE,Azerbaijan,ECA,0.756,2019
BDI,Burundi,SSA,0.433,2019
BEL,Belgium,,0.931,2019
BEN,Benin,SSA,0.545,2019
BFA,Burkina Faso,SSA,0.452,2019
BGD,Bangladesh,SA,0.632,2019
BGR,Bulgaria,,0.816,2019
BHR,Bahrain,AS,0.852,2019
BHS,Bahamas,LAC,0.814,2019
BIH,Bosnia and Herzegovina,ECA,0.78,2019
BLR,Belarus,ECA,0.823,2019
BLZ,Belize,LAC,0.716,2019
BOL,Bolivia (Plurinational State of),LAC,0.718,2019
BRA,Brazil,LAC,0.765,2019
BRB,Barbados,LAC,0.814,2019
BRN,Brunei Darussalam,EAP,0.838,2019
BTN,Bhutan,SA,0.654,2019
BWA,Botswana,SSA,0.735,2019
CAF,Central African Republic,SSA,0.397,2019
CAN,Canada,,0.929,2019
CHE,Switzerland,,0.955,2019
CHL,Chile,LAC,0.851,2019
CHN,China,EAP,0.761,2019
CIV,Côte d'Ivoire,SSA,0.538,2019
CMR,Cameroon,SSA,0.563,2019
COD,Congo (Democratic Republic of the),SSA,0.48,2019
COG,Congo,SSA,0.574,2019
COL,Colombia,LAC,0.767,2019
COM,Comoros,SSA,0.554,2019
CPV,Cabo Verde,SSA,0.665,2019
CRI,Costa Rica,LAC,0.81,2019
CUB,Cuba,LAC,0.783,2019
CYP,Cyprus,,0.887,2019
CZE,Czechia,,0.9,2019
DEU,Germany,,0.947,2019
DJI,Djibouti,AS,0.524,2019
DMA,Dominica,LAC,0.742,2019
DNK,Denmark,,0.94,2019
DOM,Dominican Republic,LAC,0.756,2019
DZA,Algeria,AS,0.748,2019
ECU,Ecuador,LAC,0.759,2019
EGY,Egypt,AS,0.707,2019
ERI,Eritrea,SSA,0.459,2019
ESP,Spain,,0.904,2019
EST,Estonia,,0.892,2019
ETH,Ethiopia,SSA,0.485,2019
FIN,Finland,,0.938,2019
FJI,Fiji,EAP,0.743,2019
FRA,France,,0.901,2019
FSM,Micronesia (Federated States of),EAP,0.62,2019
GAB,Gabon,SSA,0.703,2019
GBR,United Kingdom,,0.932,2019
GEO,Georgia,ECA,0.812,2019
GHA,Ghana,SSA,0.611,2019
GIN,Guinea,SSA,0.477,2019
GMB,Gambia,SSA,0.496,2019
GNB,Guinea-Bissau,SSA,0.48,2019
GNQ,Equatorial Guinea,SSA,0.592,2019
GRC,Greece,,0.888,2019
GRD,Grenada,LAC,0.779,2019
GTM,Guatemala,LAC,0.663,2019
GUY,Guyana,LAC,0.682,2019
HKG,"Hong Kong, China (SAR)",,0.949,2019
HND,Honduras,LAC,0.634,2019
HRV,Croatia,,0.851,2019
HTI,Haiti,LAC,0.51,2019
HUN,Hungary,,0.854,2019
IDN,Indonesia,EAP,0.718,2019
IND,India,SA,0.645,2019
IRL,Ireland,,0.955,2019
IRN,Iran (Islamic Republic of),SA,0.783,2019
IRQ,Iraq,AS,0.674,2019
ISL,Iceland,,0.949,2019
ISR,Israel,,0.919,2019
ITA,Italy,,0.892,2019
JAM,Jamaica,LAC,0.734,2019
JOR,Jordan,AS,0.729,2019
JPN,Japan,,0.919,2019
KAZ,Kazakhstan,ECA,0.825,2019
KEN,Kenya,SSA,0.601,2019
KGZ,Kyrgyzstan,ECA,0.697,2019
KHM,Cambodia,EAP,0.594,2019
KIR,Kiribati,EAP,0.63,2019
KNA,Saint Kitts and Nevis,LAC,0.779,2019
KOR,Korea (Republic of),,0.916,2019
KWT,Kuwait,AS,0.806,2019
LAO,Lao People's Democratic Republic,EAP,0.613,2019
LBN,Lebanon,AS,0.744,2019
LBR,Liberia,SSA,0.48,2019
LBY,Libya,AS,0.724,2019
LCA,Saint Lucia,LAC,0.759,2019
LIE,Liechtenstein,,0.919,2019
LKA,Sri Lanka,SA,0.782,2019
LSO,Lesotho,SSA,0.527,2019
LTU,Lithuania,,0.882,2019
LUX,Luxembourg,,0.916,2019
LVA,Latvia,,0.866,2019
MAR,Morocco,AS,0.686,2019
MDA,Moldova (Republic of),ECA,0.75,2019
MDG,Madagascar,SSA,0.528,2019
MDV,Maldives,SA,0.74,2019
MEX,Mexico,LAC,0.779,2019
MHL,Marshall Islands,EAP,0.704,2019
MKD,North Macedonia,ECA,0.774,2019
MLI,Mali,SSA,0.434,2019
MLT,Malta,,0.895,2019
MMR,Myanmar,EAP,0.583,2019
MNE,Montenegro,ECA,0.829,2019
MNG,Mongolia,EAP,0.737,2019
MOZ,Mozambique,SSA,0.456,2019
MRT,Mauritania,SSA,0.546,2019
MUS,Mauritius,SSA,0.804,2019
MWI,Malawi,SSA,0.483,2019
MYS,Malaysia,EAP,0.81,2019
NAM,Namibia,SSA,0.646,2019
NER,Niger,SSA,0.394,2019
NGA,Nigeria,SSA,0.539,2019
NIC,Nicaragua,LAC,0.66,2019
NLD,Netherlands,,0.944,2019
NOR,Norway,,0.957,2019
NPL,Nepal,SA,0.602,2019
NZL,New Zealand,,0.931,2019
OMN,Oman,AS,0.813,2019
PAK,Pakistan,SA,0.557,2019
PAN,Panama,LAC,0.815,2019
PER,Peru,LAC,0.777,2019
PHL,Philippines,EAP,0.718,2019
PLW,Palau,EAP,0.826,2019
PNG,Papua New Guinea,EAP,0.555,2019
POL,Poland,,0.88,2019
PRT,Portugal,,0.864,2019
PRY,Paraguay,LAC,0.728,2019
PSE,"Palestine, State of",AS,0.708,2019
QAT,Qatar,AS,0.848,2019
ROU,Romania,,0.828,2019
RUS,Russian Federation,,0.824,2019
RWA,Rwanda,SSA,0.543,2019
SAU,Saudi Arabia,AS,0.854,2019
SDN,Sudan,AS,0.51,2019
SEN,Senegal,SSA,0.512,2019
SGP,Singapore,EAP,0.938,2019
SLB,Solomon Islands,EAP,0.567,2019
SLE,Sierra Leone,SSA,0.452,2019
SLV,El Salvador,LAC,0.673,2019
SRB,Serbia,ECA,0.806,2019
SSD,South Sudan,SSA,0.433,2019
STP,Sao Tome and Principe,SSA,0.625,2019
SUR,Suriname,LAC,0.738,2019
SVK,Slovakia,,0.86,2019
SVN,Slovenia,,0.917,2019
SWE,Sweden,,0.945,2019
SWZ,Eswatini (Kingdom of),SSA,0.611,2019
SYC,Seychelles,SSA,0.796,2019
SYR,Syrian Arab Republic,AS,0.567,2019
TCD,Chad,SSA,0.398,2019
TGO,Togo,SSA,0.515,2019
THA,Thailand,EAP,0.777,2019
TJK,Tajikistan,ECA,0.668,2019
TKM,Turkmenistan,ECA,0.715,2019
TLS,Timor-Leste,EAP,0.606,2019
TON,Tonga,EAP,0.725,2019
TTO,Trinidad and Tobago,LAC,0.796,2019
TUN,Tunisia,AS,0.74,2019
TUR,Turkey,ECA,0.82,2019
TZA,Tanzania (United Republic of),SSA,0.529,2019
UGA,Uganda,SSA,0.544,2019
UKR,Ukraine,ECA,0.779,2019
URY,Uruguay,LAC,0.817,2019
USA,United States,,0.926,2019
UZB,Uzbekistan,ECA,0.72,2019
VCT,Saint Vincent and the Grenadines,LAC,0.738,2019
VEN,Venezuela (Bolivarian Republic of),LAC,0.711,2019
VNM,Viet Nam,EAP,0.704,2019
VUT,Vanuatu,EAP,0.609,2019
WSM,Samoa,EAP,0.715,2019
YEM,Yemen,AS,0.47,2019
ZAF,South Africa,SSA,0.709,2019
ZMB,Zambia,SSA,0.584,2019
ZWE,Zimbabwe,SSA,0.571,2019
AFG,Afghanistan,SA,0.509,2018
AGO,Angola,SSA,0.582,2018
ALB,Albania,ECA,0.792,2018
AND,Andorra,,0.867,2018
ARE,United Arab Emirates,AS,0.889,2018
ARG,Argentina,LAC,0.842,2018
ARM,Armenia,ECA,0.771,2018
ATG,Antigua and Barbuda,LAC,0.772,2018
AUS,Australia,,0.943,2018
AUT,Austria,,0.921,2018
AZE,Azerbaijan,ECA,0.754,2018
BDI,Burundi,SSA,0.431,2018
BEL,Belgium,,0.93,2018
BEN,Benin,SSA,0.541,2018
BFA,Burkina Faso,SSA,0.443,2018
BGD,Bangladesh,SA,0.625,2018
BGR,Bulgaria,,0.813,2018
BHR,Bahrain,AS,0.852,2018
BHS,Bahamas,LAC,0.812,2018
BIH,Bosnia and Herzegovina,ECA,0.777,2018
BLR,Belarus,ECA,0.823,2018
BLZ,Belize,LAC,0.714,2018
BOL,Bolivia (Plurinational State of),LAC,0.714,2018
BRA,Brazil,LAC,0.762,2018
BRB,Barbados,LAC,0.81,2018
BRN,Brunei Darussalam,EAP,0.836,2018
BTN,Bhutan,SA,0.649,2018
BWA,Botswana,SSA,0.73,2018
CAF,Central African Republic,SSA,0.395,2018
CAN,Canada,,0.928,2018
CHE,Switzerland,,0.955,2018
CHL,Chile,LAC,0.849,2018
CHN,China,EAP,0.755,2018
CIV,Côte d'Ivoire,SSA,0.534,2018
CMR,Cameroon,SSA,0.56,2018
COD,Congo (Democratic Republic of the),SSA,0.478,2018
COG,Congo,SSA,0.573,2018
COL,Colombia,LAC,0.764,2018
COM,Comoros,SSA,0.552,2018
CPV,Cabo Verde,SSA,0.663,2018
CRI,Costa Rica,LAC,0.808,2018
CUB,Cuba,LAC,0.781,2018
CYP,Cyprus,,0.885,2018
CZE,Czechia,,0.898,2018
DEU,Germany,,0.946,2018
DJI,Djibouti,AS,0.518,2018
DMA,Dominica,LAC,0.738,2018
DNK,Denmark,,0.939,2018
DOM,Dominican Republic,LAC,0.751,2018
DZA,Algeria,AS,0.746,2018
ECU,Ecuador,LAC,0.762,2018
EGY,Egypt,AS,0.701,2018
ERI,Eritrea,SSA,0.456,2018
ESP,Spain,,0.905,2018
EST,Estonia,,0.889,2018
ETH,Ethiopia,SSA,0.478,2018
FIN,Finland,,0.937,2018
FJI,Fiji,EAP,0.742,2018
FRA,France,,0.898,2018
FSM,Micronesia (Federated States of),EAP,0.618,2018
GAB,Gabon,SSA,0.697,2018
GBR,United Kingdom,,0.928,2018
GEO,Georgia,ECA,0.805,2018
GHA,Ghana,SSA,0.606,2018
GIN,Guinea,SSA,0.473,2018
GMB,Gambia,SSA,0.487,2018
GNB,Guinea-Bissau,SSA,0.472,2018
GNQ,Equatorial Guinea,SSA,0.582,2018
GRC,Greece,,0.881,2018
GRD,Grenada,LAC,0.773,2018
GTM,Guatemala,LAC,0.657,2018
GUY,Guyana,LAC,0.68,2018
HKG,"Hong Kong, China (SAR)",,0.946,2018
HND,Honduras,LAC,0.633,2018
HRV,Croatia,,0.848,2018
HTI,Haiti,LAC,0.508,2018
HUN,Hungary,,0.85,2018
IDN,Indonesia,EAP,0.712,2018
IND,India,SA,0.642,2018
IRL,Ireland,,0.951,2018
IRN,Iran (Islamic Republic of),SA,0.785,2018
IRQ,Iraq,AS,0.671,2018
ISL,Iceland,,0.946,2018
ISR,Israel,,0.916,2018
ITA,Italy,,0.89,2018
JAM,Jamaica,LAC,0.734,2018
JOR,Jordan,AS,0.728,2018
JPN,Japan,,0.917,2018
KAZ,Kazakhstan,ECA,0.819,2018
KEN,Kenya,SSA,0.599,2018
KGZ,Kyrgyzstan,ECA,0.696,2018
KHM,Cambodia,EAP,0.585,2018
KIR,Kiribati,EAP,0.628,2018
KNA,Saint Kitts and Nevis,LAC,0.773,2018
KOR,Korea (Republic of),,0.914,2018
KWT,Kuwait,AS,0.807,2018
LAO,Lao People's Democratic Republic,EAP,0.609,2018
LBN,Lebanon,AS,0.747,2018
LBR,Liberia,SSA,0.48,2018
LBY,Libya,AS,0.721,2018
LCA,Saint Lucia,LAC,0.758,2018
LIE,Liechtenstein,,0.919,2018
LKA,Sri Lanka,SA,0.779,2018
LSO,Lesotho,SSA,0.522,2018
LTU,Lithuania,,0.876,2018
LUX,Luxembourg,,0.913,2018
LVA,Latvia,,0.863,2018
MAR,Morocco,AS,0.68,2018
MDA,Moldova (Republic of),ECA,0.746,2018
MDG,Madagascar,SSA,0.527,2018
MDV,Maldives,SA,0.734,2018
MEX,Mexico,LAC,0.776,2018
MHL,Marshall Islands,EAP,0.702,2018
MKD,North Macedonia,ECA,0.77,2018
MLI,Mali,SSA,0.431,2018
MLT,Malta,,0.894,2018
MMR,Myanmar,EAP,0.579,2018
MNE,Montenegro,ECA,0.826,2018
MNG,Mongolia,EAP,0.735,2018
MOZ,Mozambique,SSA,0.452,2018
MRT,Mauritania,SSA,0.542,2018
MUS,Mauritius,SSA,0.801,2018
MWI,Malawi,SSA,0.478,2018
MYS,Malaysia,EAP,0.805,2018
NAM,Namibia,SSA,0.645,2018
NER,Niger,SSA,0.391,2018
NGA,Nigeria,SSA,0.534,2018
NIC,Nicaragua,LAC,0.659,2018
NLD,Netherlands,,0.942,2018
NOR,Norway,,0.956,2018
NPL,Nepal,SA,0.596,2018
NZL,New Zealand,,0.928,2018
OMN,Oman,AS,0.813,2018
PAK,Pakistan,SA,0.552,2018
PAN,Panama,LAC,0.812,2018
PER,Peru,LAC,0.771,2018
PHL,Philippines,EAP,0.711,2018
PLW,Palau,EAP,0.822,2018
PNG,Papua New Guinea,EAP,0.549,2018
POL,Poland,,0.877,2018
PRT,Portugal,,0.86,2018
PRY,Paraguay,LAC,0.727,2018
PSE,"Palestine, State of",AS,0.708,2018
QAT,Qatar,AS,0.845,2018
ROU,Romania,,0.823,2018
RUS,Russian Federation,,0.823,2018
RWA,Rwanda,SSA,0.54,2018
SAU,Saudi Arabia,AS,0.854,2018
SDN,Sudan,AS,0.506,2018
SEN,Senegal,SSA,0.516,2018
SGP,Singapore,EAP,0.936,2018
SLB,Solomon Islands,EAP,0.564,2018
SLE,Sierra Leone,SSA,0.447,2018
SLV,El Salvador,LAC,0.67,2018
SRB,Serbia,ECA,0.803,2018
SSD,South Sudan,SSA,0.429,2018
STP,Sao Tome and Principe,SSA,0.624,2018
SUR,Suriname,LAC,0.734,2018
SVK,Slovakia,,0.858,2018
SVN,Slovenia,,0.912,2018
SWE,Sweden,,0.943,2018
SWZ,Eswatini (Kingdom of),SSA,0.605,2018
SYC,Seychelles,SSA,0.79,2018
SYR,Syrian Arab Republic,AS,0.563,2018
TCD,Chad,SSA,0.397,2018
TGO,Togo,SSA,0.51,2018
THA,Thailand,EAP,0.772,2018
TJK,Tajikistan,ECA,0.661,2018
TKM,Turkmenistan,ECA,0.71,2018
TLS,Timor-Leste,EAP,0.599,2018
TON,Tonga,EAP,0.723,2018
TTO,Trinidad and Tobago,LAC,0.795,2018
TUN,Tunisia,AS,0.738,2018
TUR,Turkey,ECA,0.817,2018
TZA,Tanzania (United Republic of),SSA,0.524,2018
UGA,Uganda,SSA,0.538,2018
UKR,Ukraine,ECA,0.774,2018
URY,Uruguay,LAC,0.816,2018
USA,United States,,0.925,2018
UZB,Uzbekistan,ECA,0.717,2018
VCT,Saint Vincent and the Grenadines,LAC,0.736,2018
VEN,Venezuela (Bolivarian Republic of),LAC,0.733,2018
VNM,Viet Nam,EAP,0.7,2018
VUT,Vanuatu,EAP,0.603,2018
WSM,Samoa,EAP,0.709,2018
YEM,Yemen,AS,0.468,2018
ZAF,South Africa,SSA,0.707,2018
ZMB,Zambia,SSA,0.582,2018
ZWE,Zimbabwe,SSA,0.569,2018
AFG,Afghanistan,SA,0.506,2017
AGO,Angola,SSA,0.582,2017
ALB,Albania,ECA,0.79,2017
AND,Andorra,,0.863,2017
ARE,United Arab Emirates,AS,0.881,2017
ARG,Argentina,LAC,0.843,2017
ARM,Armenia,ECA,0.769,2017
ATG,Antigua and Barbuda,LAC,0.768,2017
AUS,Australia,,0.941,2017
AUT,Austria,,0.919,2017
AZE,Azerbaijan,ECA,0.754,2017
BDI,Burundi,SSA,0.434,2017
BEL,Belgium,,0.929,2017
BEN,Benin,SSA,0.536,2017
BFA,Burkina Faso,SSA,0.439,2017
BGD,Bangladesh,SA,0.616,2017
BGR,Bulgaria,,0.811,2017
BHR,Bahrain,AS,0.854,2017
BHS,Bahamas,LAC,0.812,2017
BIH,Bosnia and Herzegovina,ECA,0.774,2017
BLR,Belarus,ECA,0.819,2017
BLZ,Belize,LAC,0.714,2017
BOL,Bolivia (Plurinational State of),LAC,0.71,2017
BRA,Brazil,LAC,0.761,2017
BRB,Barbados,LAC,0.81,2017
BRN,Brunei Darussalam,EAP,0.838,2017
BTN,Bhutan,SA,0.646,2017
BWA,Botswana,SSA,0.726,2017
CAF,Central African Republic,SSA,0.391,2017
CAN,Canada,,0.926,2017
CHE,Switzerland,,0.949,2017
CHL,Chile,LAC,0.847,2017
CHN,China,EAP,0.75,2017
CIV,Côte d'Ivoire,SSA,0.525,2017
CMR,Cameroon,SSA,0.557,2017
COD,Congo (Democratic Republic of the),SSA,0.475,2017
COG,Congo,SSA,0.574,2017
COL,Colombia,LAC,0.763,2017
COM,Comoros,SSA,0.55,2017
CPV,Cabo Verde,SSA,0.66,2017
CRI,Costa Rica,LAC,0.804,2017
CUB,Cuba,LAC,0.777,2017
CYP,Cyprus,,0.878,2017
CZE,Czechia,,0.896,2017
DEU,Germany,,0.943,2017
DJI,Djibouti,AS,0.51,2017
DMA,Dominica,LAC,0.736,2017
DNK,Denmark,,0.936,2017
DOM,Dominican Republic,LAC,0.746,2017
DZA,Algeria,AS,0.745,2017
ECU,Ecuador,LAC,0.76,2017
EGY,Egypt,AS,0.698,2017
ERI,Eritrea,SSA,0.454,2017
ESP,Spain,,0.903,2017
EST,Estonia,,0.885,2017
ETH,Ethiopia,SSA,0.474,2017
FIN,Finland,,0.935,2017
FJI,Fiji,EAP,0.74,2017
FRA,France,,0.897,2017
FSM,Micronesia (Federated States of),EAP,0.616,2017
GAB,Gabon,SSA,0.694,2017
GBR,United Kingdom,,0.926,2017
GEO,Georgia,ECA,0.799,2017
GHA,Ghana,SSA,0.602,2017
GIN,Guinea,SSA,0.471,2017
GMB,Gambia,SSA,0.48,2017
GNB,Guinea-Bissau,SSA,0.47,2017
GNQ,Equatorial Guinea,SSA,0.584,2017
GRC,Greece,,0.879,2017
GRD,Grenada,LAC,0.77,2017
GTM,Guatemala,LAC,0.655,2017
GUY,Guyana,LAC,0.677,2017
HKG,"Hong Kong, China (SAR)",,0.941,2017
HND,Honduras,LAC,0.63,2017
HRV,Croatia,,0.845,2017
HTI,Haiti,LAC,0.505,2017
HUN,Hungary,,0.846,2017
IDN,Indonesia,EAP,0.707,2017
IND,India,SA,0.64,2017
IRL,Ireland,,0.947,2017
IRN,Iran (Islamic Republic of),SA,0.787,2017
IRQ,Iraq,AS,0.667,2017
ISL,Iceland,,0.943,2017
ISR,Israel,,0.913,2017
ITA,Italy,,0.886,2017
JAM,Jamaica,LAC,0.734,2017
JOR,Jordan,AS,0.726,2017
JPN,Japan,,0.915,2017
KAZ,Kazakhstan,ECA,0.815,2017
KEN,Kenya,SSA,0.595,2017
KGZ,Kyrgyzstan,ECA,0.694,2017
KHM,Cambodia,EAP,0.582,2017
KIR,Kiribati,EAP,0.627,2017
KNA,Saint Kitts and Nevis,LAC,0.77,2017
KOR,Korea (Republic of),,0.912,2017
KWT,Kuwait,AS,0.805,2017
LAO,Lao People's Democratic Republic,EAP,0.608,2017
LBN,Lebanon,AS,0.748,2017
LBR,Liberia,SSA,0.481,2017
LBY,Libya,AS,0.714,2017
LCA,Saint Lucia,LAC,0.759,2017
LIE,Liechtenstein,,0.916,2017
LKA,Sri Lanka,SA,0.775,2017
LSO,Lesotho,SSA,0.517,2017
LTU,Lithuania,,0.873,2017
LUX,Luxembourg,,0.913,2017
LVA,Latvia,,0.859,2017
MAR,Morocco,AS,0.673,2017
MDA,Moldova (Republic of),ECA,0.743,2017
MDG,Madagascar,SSA,0.526,2017
MDV,Maldives,SA,0.731,2017
MEX,Mexico,LAC,0.771,2017
MHL,Marshall Islands,EAP,0.699,2017
MKD,North Macedonia,ECA,0.767,2017
MLI,Mali,SSA,0.427,2017
MLT,Malta,,0.888,2017
MMR,Myanmar,EAP,0.572,2017
MNE,Montenegro,ECA,0.822,2017
MNG,Mongolia,EAP,0.728,2017
MOZ,Mozambique,SSA,0.446,2017
MRT,Mauritania,SSA,0.54,2017
MUS,Mauritius,SSA,0.797,2017
MWI,Malawi,SSA,0.473,2017
MYS,Malaysia,EAP,0.805,2017
NAM,Namibia,SSA,0.644,2017
NER,Niger,SSA,0.386,2017
NGA,Nigeria,SSA,0.531,2017
NIC,Nicaragua,LAC,0.661,2017
NLD,Netherlands,,0.939,2017
NOR,Norway,,0.954,2017
NPL,Nepal,SA,0.588,2017
NZL,New Zealand,,0.926,2017
OMN,Oman,AS,0.819,2017
PAK,Pakistan,SA,0.55,2017
PAN,Panama,LAC,0.811,2017
PER,Peru,LAC,0.767,2017
PHL,Philippines,EAP,0.708,2017
PLW,Palau,EAP,0.822,2017
PNG,Papua New Guinea,EAP,0.549,2017
POL,Poland,,0.873,2017
PRT,Portugal,,0.858,2017
PRY,Paraguay,LAC,0.726,2017
PSE,"Palestine, State of",AS,0.706,2017
QAT,Qatar,AS,0.848,2017
ROU,Romania,,0.821,2017
RUS,Russian Federation,,0.82,2017
RWA,Rwanda,SSA,0.535,2017
SAU,Saudi Arabia,AS,0.852,2017
SDN,Sudan,AS,0.509,2017
SEN,Senegal,SSA,0.512,2017
SGP,Singapore,EAP,0.933,2017
SLB,Solomon Islands,EAP,0.562,2017
SLE,Sierra Leone,SSA,0.443,2017
SLV,El Salvador,LAC,0.671,2017
SRB,Serbia,ECA,0.798,2017
SSD,South Sudan,SSA,0.426,2017
STP,Sao Tome and Principe,SSA,0.619,2017
SUR,Suriname,LAC,0.732,2017
SVK,Slovakia,,0.855,2017
SVN,Slovenia,,0.907,2017
SWE,Sweden,,0.942,2017
SWZ,Eswatini (Kingdom of),SSA,0.597,2017
SYC,Seychelles,SSA,0.789,2017
SYR,Syrian Arab Republic,AS,0.564,2017
TCD,Chad,SSA,0.396,2017
TGO,Togo,SSA,0.506,2017
THA,Thailand,EAP,0.765,2017
TJK,Tajikistan,ECA,0.657,2017
TKM,Turkmenistan,ECA,0.701,2017
TLS,Timor-Leste,EAP,0.599,2017
TON,Tonga,EAP,0.723,2017
TTO,Trinidad and Tobago,LAC,0.795,2017
TUN,Tunisia,AS,0.734,2017
TUR,Turkey,ECA,0.814,2017
TZA,Tanzania (United Republic of),SSA,0.523,2017
UGA,Uganda,SSA,0.532,2017
UKR,Ukraine,ECA,0.771,2017
URY,Uruguay,LAC,0.814,2017
USA,United States,,0.924,2017
UZB,Uzbekistan,ECA,0.713,2017
VCT,Saint Vincent and the Grenadines,LAC,0.734,2017
VEN,Venezuela (Bolivarian Republic of),LAC,0.743,2017
VNM,Viet Nam,EAP,0.696,2017
VUT,Vanuatu,EAP,0.601,2017
WSM,Samoa,EAP,0.71,2017
YEM,Yemen,AS,0.467,2017
ZAF,South Africa,SSA,0.705,2017
ZMB,Zambia,SSA,0.578,2017
ZWE,Zimbabwe,SSA,0.563,2017
AFG,Afghanistan,SA,0.502,2016
AGO,Angola,SSA,0.578,2016
ALB,Albania,ECA,0.788,2016
AND,Andorra,,0.866,2016
ARE,United Arab Emirates,AS,0.864,2016
ARG,Argentina,LAC,0.839,2016
ARM,Armenia,ECA,0.766,2016
ATG,Antigua and Barbuda,LAC,0.765,2016
AUS,Australia,,0.939,2016
AUT,Austria,,0.917,2016
AZE,Azerbaijan,ECA,0.751,2016
BDI,Burundi,SSA,0.438,2016
BEL,Belgium,,0.924,2016
BEN,Benin,SSA,0.533,2016
BFA,Burkina Faso,SSA,0.428,2016
BGD,Bangladesh,SA,0.606,2016
BGR,Bulgaria,,0.811,2016
BHR,Bahrain,AS,0.853,2016
BHS,Bahamas,LAC,0.81,2016
BIH,Bosnia and Herzegovina,ECA,0.772,2016
BLR,Belarus,ECA,0.815,2016
BLZ,Belize,LAC,0.717,2016
BOL,Bolivia (Plurinational State of),LAC,0.702,2016
BRA,Brazil,LAC,0.758,2016
BRB,Barbados,LAC,0.811,2016
BRN,Brunei Darussalam,EAP,0.839,2016
BTN,Bhutan,SA,0.637,2016
BWA,Botswana,SSA,0.72,2016
CAF,Central African Republic,SSA,0.382,2016
CAN,Canada,,0.923,2016
CHE,Switzerland,,0.947,2016
CHL,Chile,LAC,0.845,2016
CHN,China,EAP,0.746,2016
CIV,Côte d'Ivoire,SSA,0.513,2016
CMR,Cameroon,SSA,0.553,2016
COD,Congo (Democratic Republic of the),SSA,0.471,2016
COG,Congo,SSA,0.578,2016
COL,Colombia,LAC,0.76,2016
COM,Comoros,SSA,0.547,2016
CPV,Cabo Verde,SSA,0.657,2016
CRI,Costa Rica,LAC,0.801,2016
CUB,Cuba,LAC,0.773,2016
CYP,Cyprus,,0.873,2016
CZE,Czechia,,0.893,2016
DEU,Germany,,0.941,2016
DJI,Djibouti,AS,0.505,2016
DMA,Dominica,LAC,0.74,2016
DNK,Denmark,,0.935,2016
DOM,Dominican Republic,LAC,0.743,2016
DZA,Algeria,AS,0.743,2016
ECU,Ecuador,LAC,0.758,2016
EGY,Egypt,AS,0.696,2016
ERI,Eritrea,SSA,0.456,2016
ESP,Spain,,0.899,2016
EST,Estonia,,0.881,2016
ETH,Ethiopia,SSA,0.467,2016
FIN,Finland,,0.932,2016
FJI,Fiji,EAP,0.738,2016
FRA,France,,0.894,2016
FSM,Micronesia (Federated States of),EAP,0.614,2016
GAB,Gabon,SSA,0.69,2016
GBR,United Kingdom,,0.924,2016
GEO,Georgia,ECA,0.792,2016
GHA,Ghana,SSA,0.598,2016
GIN,Guinea,SSA,0.465,2016
GMB,Gambia,SSA,0.475,2016
GNB,Guinea-Bissau,SSA,0.468,2016
GNQ,Equatorial Guinea,SSA,0.588,2016
GRC,Greece,,0.874,2016
GRD,Grenada,LAC,0.771,2016
GTM,Guatemala,LAC,0.653,2016
GUY,Guyana,LAC,0.676,2016
HKG,"Hong Kong, China (SAR)",,0.936,2016
HND,Honduras,LAC,0.626,2016
HRV,Croatia,,0.841,2016
HTI,Haiti,LAC,0.5,2016
HUN,Hungary,,0.844,2016
IDN,Indonesia,EAP,0.703,2016
IND,India,SA,0.63,2016
IRL,Ireland,,0.943,2016
IRN,Iran (Islamic Republic of),SA,0.784,2016
IRQ,Iraq,AS,0.656,2016
ISL,Iceland,,0.941,2016
ISR,Israel,,0.913,2016
ITA,Italy,,0.884,2016
JAM,Jamaica,LAC,0.731,2016
JOR,Jordan,AS,0.729,2016
JPN,Japan,,0.912,2016
KAZ,Kazakhstan,ECA,0.808,2016
KEN,Kenya,SSA,0.591,2016
KGZ,Kyrgyzstan,ECA,0.691,2016
KHM,Cambodia,EAP,0.576,2016
KIR,Kiribati,EAP,0.622,2016
KNA,Saint Kitts and Nevis,LAC,0.771,2016
KOR,Korea (Republic of),,0.91,2016
KWT,Kuwait,AS,0.804,2016
LAO,Lao People's Democratic Republic,EAP,0.605,2016
LBN,Lebanon,AS,0.741,2016
LBR,Liberia,SSA,0.478,2016
LBY,Libya,AS,0.687,2016
LCA,Saint Lucia,LAC,0.752,2016
LIE,Liechtenstein,,0.915,2016
LKA,Sri Lanka,SA,0.773,2016
LSO,Lesotho,SSA,0.512,2016
LTU,Lithuania,,0.867,2016
LUX,Luxembourg,,0.91,2016
LVA,Latvia,,0.854,2016
MAR,Morocco,AS,0.667,2016
MDA,Moldova (Republic of),ECA,0.738,2016
MDG,Madagascar,SSA,0.523,2016
MDV,Maldives,SA,0.728,2016
MEX,Mexico,LAC,0.768,2016
MHL,Marshall Islands,EAP,,2016
MKD,North Macedonia,ECA,0.765,2016
MLI,Mali,SSA,0.422,2016
MLT,Malta,,0.885,2016
MMR,Myanmar,EAP,0.563,2016
MNE,Montenegro,ECA,0.818,2016
MNG,Mongolia,EAP,0.729,2016
MOZ,Mozambique,SSA,0.441,2016
MRT,Mauritania,SSA,0.542,2016
MUS,Mauritius,SSA,0.794,2016
MWI,Malawi,SSA,0.472,2016
MYS,Malaysia,EAP,0.8,2016
NAM,Namibia,SSA,0.639,2016
NER,Niger,SSA,0.378,2016
NGA,Nigeria,SSA,0.526,2016
NIC,Nicaragua,LAC,0.657,2016
NLD,Netherlands,,0.936,2016
NOR,Norway,,0.95,2016
NPL,Nepal,SA,0.586,2016
NZL,New Zealand,,0.924,2016
OMN,Oman,AS,0.815,2016
PAK,Pakistan,SA,0.542,2016
PAN,Panama,LAC,0.805,2016
PER,Peru,LAC,0.765,2016
PHL,Philippines,EAP,0.704,2016
PLW,Palau,EAP,0.822,2016
PNG,Papua New Guinea,EAP,0.549,2016
POL,Poland,,0.869,2016
PRT,Portugal,,0.855,2016
PRY,Paraguay,LAC,0.722,2016
PSE,"Palestine, State of",AS,0.704,2016
QAT,Qatar,AS,0.845,2016
ROU,Romania,,0.82,2016
RUS,Russian Federation,,0.815,2016
RWA,Rwanda,SSA,0.527,2016
SAU,Saudi Arabia,AS,0.859,2016
SDN,Sudan,AS,0.507,2016
SEN,Senegal,SSA,0.509,2016
SGP,Singapore,EAP,0.935,2016
SLB,Solomon Islands,EAP,0.561,2016
SLE,Sierra Leone,SSA,0.431,2016
SLV,El Salvador,LAC,0.671,2016
SRB,Serbia,ECA,0.795,2016
SSD,South Sudan,SSA,0.421,2016
STP,Sao Tome and Principe,SSA,0.608,2016
SUR,Suriname,LAC,0.735,2016
SVK,Slovakia,,0.853,2016
SVN,Slovenia,,0.9,2016
SWE,Sweden,,0.94,2016
SWZ,Eswatini (Kingdom of),SSA,0.588,2016
SYC,Seychelles,SSA,0.787,2016
SYR,Syrian Arab Republic,AS,0.528,2016
TCD,Chad,SSA,0.393,2016
TGO,Togo,SSA,0.502,2016
THA,Thailand,EAP,0.756,2016
TJK,Tajikistan,ECA,0.653,2016
TKM,Turkmenistan,ECA,0.699,2016
TLS,Timor-Leste,EAP,0.598,2016
TON,Tonga,EAP,0.722,2016
TTO,Trinidad and Tobago,LAC,0.792,2016
TUN,Tunisia,AS,0.731,2016
TUR,Turkey,ECA,0.808,2016
TZA,Tanzania (United Republic of),SSA,0.52,2016
UGA,Uganda,SSA,0.529,2016
UKR,Ukraine,ECA,0.768,2016
URY,Uruguay,LAC,0.81,2016
USA,United States,,0.922,2016
UZB,Uzbekistan,ECA,0.705,2016
VCT,Saint Vincent and the Grenadines,LAC,0.734,2016
VEN,Venezuela (Bolivarian Republic of),LAC,0.759,2016
VNM,Viet Nam,EAP,0.693,2016
VUT,Vanuatu,EAP,0.598,2016
WSM,Samoa,EAP,0.71,2016
YEM,Yemen,AS,0.474,2016
ZAF,South Africa,SSA,0.703,2016
ZMB,Zambia,SSA,0.571,2016
ZWE,Zimbabwe,SSA,0.558,2016
AFG,Afghanistan,SA,0.5,2015
AGO,Angola,SSA,0.572,2015
ALB,Albania,ECA,0.788,2015
AND,Andorra,,0.862,2015
ARE,United Arab Emirates,AS,0.859,2015
ARG,Argentina,LAC,0.84,2015
ARM,Armenia,ECA,0.768,2015
ATG,Antigua and Barbuda,LAC,0.762,2015
AUS,Australia,,0.938,2015
AUT,Austria,,0.915,2015
AZE,Azerbaijan,ECA,0.744,2015
BDI,Burundi,SSA,0.437,2015
BEL,Belgium,,0.922,2015
BEN,Benin,SSA,0.532,2015
BFA,Burkina Faso,SSA,0.422,2015
BGD,Bangladesh,SA,0.595,2015
BGR,Bulgaria,,0.809,2015
BHR,Bahrain,AS,0.848,2015
BHS,Bahamas,LAC,0.808,2015
BIH,Bosnia and Herzegovina,ECA,0.761,2015
BLR,Belarus,ECA,0.814,2015
BLZ,Belize,LAC,0.71,2015
BOL,Bolivia (Plurinational State of),LAC,0.697,2015
BRA,Brazil,LAC,0.756,2015
BRB,Barbados,LAC,0.809,2015
BRN,Brunei Darussalam,EAP,0.838,2015
BTN,Bhutan,SA,0.628,2015
BWA,Botswana,SSA,0.717,2015
CAF,Central African Republic,SSA,0.375,2015
CAN,Canada,,0.921,2015
CHE,Switzerland,,0.947,2015
CHL,Chile,LAC,0.842,2015
CHN,China,EAP,0.739,2015
CIV,Côte d'Ivoire,SSA,0.503,2015
CMR,Cameroon,SSA,0.549,2015
COD,Congo (Democratic Republic of the),SSA,0.464,2015
COG,Congo,SSA,0.58,2015
COL,Colombia,LAC,0.756,2015
COM,Comoros,SSA,0.545,2015
CPV,Cabo Verde,SSA,0.656,2015
CRI,Costa Rica,LAC,0.797,2015
CUB,Cuba,LAC,0.772,2015
CYP,Cyprus,,0.865,2015
CZE,Czechia,,0.891,2015
DEU,Germany,,0.938,2015
DJI,Djibouti,AS,0.499,2015
DMA,Dominica,LAC,0.739,2015
DNK,Denmark,,0.933,2015
DOM,Dominican Republic,LAC,0.738,2015
DZA,Algeria,AS,0.74,2015
ECU,Ecuador,LAC,0.764,2015
EGY,Egypt,AS,0.691,2015
ERI,Eritrea,SSA,0.454,2015
ESP,Spain,,0.895,2015
EST,Estonia,,0.877,2015
ETH,Ethiopia,SSA,0.462,2015
FIN,Finland,,0.93,2015
FJI,Fiji,EAP,0.737,2015
FRA,France,,0.895,2015
FSM,Micronesia (Federated States of),EAP,0.612,2015
GAB,Gabon,SSA,0.685,2015
GBR,United Kingdom,,0.923,2015
GEO,Georgia,ECA,0.79,2015
GHA,Ghana,SSA,0.59,2015
GIN,Guinea,SSA,0.457,2015
GMB,Gambia,SSA,0.471,2015
GNB,Guinea-Bissau,SSA,0.464,2015
GNQ,Equatorial Guinea,SSA,0.589,2015
GRC,Greece,,0.877,2015
GRD,Grenada,LAC,0.77,2015
GTM,Guatemala,LAC,0.652,2015
GUY,Guyana,LAC,0.674,2015
HKG,"Hong Kong, China (SAR)",,0.93,2015
HND,Honduras,LAC,0.618,2015
HRV,Croatia,,0.84,2015
HTI,Haiti,LAC,0.496,2015
HUN,Hungary,,0.842,2015
IDN,Indonesia,EAP,0.695,2015
IND,India,SA,0.624,2015
IRL,Ireland,,0.935,2015
IRN,Iran (Islamic Republic of),SA,0.774,2015
IRQ,Iraq,AS,0.649,2015
ISL,Iceland,,0.934,2015
ISR,Israel,,0.91,2015
ITA,Italy,,0.882,2015
JAM,Jamaica,LAC,0.731,2015
JOR,Jordan,AS,0.73,2015
JPN,Japan,,0.908,2015
KAZ,Kazakhstan,ECA,0.806,2015
KEN,Kenya,SSA,0.587,2015
KGZ,Kyrgyzstan,ECA,0.69,2015
KHM,Cambodia,EAP,0.57,2015
KIR,Kiribati,EAP,0.625,2015
KNA,Saint Kitts and Nevis,LAC,0.768,2015
KOR,Korea (Republic of),,0.907,2015
KWT,Kuwait,AS,0.801,2015
LAO,Lao People's Democratic Republic,EAP,0.598,2015
LBN,Lebanon,AS,0.744,2015
LBR,Liberia,SSA,0.477,2015
LBY,Libya,AS,0.697,2015
LCA,Saint Lucia,LAC,0.747,2015
LIE,Liechtenstein,,0.911,2015
LKA,Sri Lanka,SA,0.776,2015
LSO,Lesotho,SSA,0.503,2015
LTU,Lithuania,,0.862,2015
LUX,Luxembourg,,0.906,2015
LVA,Latvia,,0.849,2015
MAR,Morocco,AS,0.658,2015
MDA,Moldova (Republic of),ECA,0.736,2015
MDG,Madagascar,SSA,0.522,2015
MDV,Maldives,SA,0.724,2015
MEX,Mexico,LAC,0.766,2015
MHL,Marshall Islands,EAP,,2015
MKD,North Macedonia,ECA,0.761,2015
MLI,Mali,SSA,0.417,2015
MLT,Malta,,0.88,2015
MMR,Myanmar,EAP,0.557,2015
MNE,Montenegro,ECA,0.816,2015
MNG,Mongolia,EAP,0.735,2015
MOZ,Mozambique,SSA,0.433,2015
MRT,Mauritania,SSA,0.536,2015
MUS,Mauritius,SSA,0.789,2015
MWI,Malawi,SSA,0.468,2015
MYS,Malaysia,EAP,0.796,2015
NAM,Namibia,SSA,0.638,2015
NER,Niger,SSA,0.372,2015
NGA,Nigeria,SSA,0.526,2015
NIC,Nicaragua,LAC,0.652,2015
NLD,Netherlands,,0.934,2015
NOR,Norway,,0.947,2015
NPL,Nepal,SA,0.583,2015
NZL,New Zealand,,0.921,2015
OMN,Oman,AS,0.814,2015
PAK,Pakistan,SA,0.536,2015
PAN,Panama,LAC,0.799,2015
PER,Peru,LAC,0.759,2015
PHL,Philippines,EAP,0.701,2015
PLW,Palau,EAP,0.82,2015
PNG,Papua New Guinea,EAP,0.548,2015
POL,Poland,,0.863,2015
PRT,Portugal,,0.854,2015
PRY,Paraguay,LAC,0.721,2015
PSE,"Palestine, State of",AS,0.701,2015
QAT,Qatar,AS,0.839,2015
ROU,Romania,,0.815,2015
RUS,Russian Federation,,0.809,2015
RWA,Rwanda,SSA,0.526,2015
SAU,Saudi Arabia,AS,0.859,2015
SDN,Sudan,AS,0.504,2015
SEN,Senegal,SSA,0.506,2015
SGP,Singapore,EAP,0.931,2015
SLB,Solomon Islands,EAP,0.563,2015
SLE,Sierra Leone,SSA,0.431,2015
SLV,El Salvador,LAC,0.668,2015
SRB,Serbia,ECA,0.789,2015
SSD,South Sudan,SSA,0.425,2015
STP,Sao Tome and Principe,SSA,0.604,2015
SUR,Suriname,LAC,0.74,2015
SVK,Slovakia,,0.85,2015
SVN,Slovenia,,0.894,2015
SWE,Sweden,,0.938,2015
SWZ,Eswatini (Kingdom of),SSA,0.581,2015
SYC,Seychelles,SSA,0.786,2015
SYR,Syrian Arab Republic,AS,0.537,2015
TCD,Chad,SSA,0.398,2015
TGO,Togo,SSA,0.499,2015
THA,Thailand,EAP,0.749,2015
TJK,Tajikistan,ECA,0.652,2015
TKM,Turkmenistan,ECA,0.694,2015
TLS,Timor-Leste,EAP,0.61,2015
TON,Tonga,EAP,0.72,2015
TTO,Trinidad and Tobago,LAC,0.792,2015
TUN,Tunisia,AS,0.729,2015
TUR,Turkey,ECA,0.801,2015
TZA,Tanzania (United Republic of),SSA,0.514,2015
UGA,Uganda,SSA,0.525,2015
UKR,Ukraine,ECA,0.765,2015
URY,Uruguay,LAC,0.806,2015
USA,United States,,0.921,2015
UZB,Uzbekistan,ECA,0.701,2015
VCT,Saint Vincent and the Grenadines,LAC,0.733,2015
VEN,Venezuela (Bolivarian Republic of),LAC,0.769,2015
VNM,Viet Nam,EAP,0.688,2015
VUT,Vanuatu,EAP,0.598,2015
WSM,Samoa,EAP,0.707,2015
YEM,Yemen,AS,0.483,2015
ZAF,South Africa,SSA,0.701,2015
ZMB,Zambia,SSA,0.569,2015
ZWE,Zimbabwe,SSA,0.553,2015
AFG,Afghanistan,SA,0.5,2014
AGO,Angola,SSA,0.565,2014
ALB,Albania,ECA,0.787,2014
AND,Andorra,,0.863,2014
ARE,United Arab Emirates,AS,0.847,2014
ARG,Argentina,LAC,0.836,2014
ARM,Armenia,ECA,0.764,2014
ATG,Antigua and Barbuda,LAC,0.76,2014
AUS,Australia,,0.933,2014
AUT,Austria,,0.913,2014
AZE,Azerbaijan,ECA,0.74,2014
BDI,Burundi,SSA,0.438,2014
BEL,Belgium,,0.918,2014
BEN,Benin,SSA,0.527,2014
BFA,Burkina Faso,SSA,0.413,2014
BGD,Bangladesh,SA,0.579,2014
BGR,Bulgaria,,0.806,2014
BHR,Bahrain,AS,0.82,2014
BHS,Bahamas,LAC,0.805,2014
BIH,Bosnia and Herzegovina,ECA,0.758,2014
BLR,Belarus,ECA,0.814,2014
BLZ,Belize,LAC,0.705,2014
BOL,Bolivia (Plurinational State of),LAC,0.69,2014
BRA,Brazil,LAC,0.756,2014
BRB,Barbados,LAC,0.808,2014
BRN,Brunei Darussalam,EAP,0.838,2014
BTN,Bhutan,SA,0.618,2014
BWA,Botswana,SSA,0.711,2014
CAF,Central African Republic,SSA,0.368,2014
CAN,Canada,,0.918,2014
CHE,Switzerland,,0.942,2014
CHL,Chile,LAC,0.837,2014
CHN,China,EAP,0.731,2014
CIV,Côte d'Ivoire,SSA,0.492,2014
CMR,Cameroon,SSA,0.54,2014
COD,Congo (Democratic Republic of the),SSA,0.46,2014
COG,Congo,SSA,0.56,2014
COL,Colombia,LAC,0.753,2014
COM,Comoros,SSA,0.543,2014
CPV,Cabo Verde,SSA,0.654,2014
CRI,Costa Rica,LAC,0.796,2014
CUB,Cuba,LAC,0.767,2014
CYP,Cyprus,,0.862,2014
CZE,Czechia,,0.888,2014
DEU,Germany,,0.937,2014
DJI,Djibouti,AS,0.492,2014
DMA,Dominica,LAC,0.741,2014
DNK,Denmark,,0.935,2014
DOM,Dominican Republic,LAC,0.73,2014
DZA,Algeria,AS,0.736,2014
ECU,Ecuador,LAC,0.756,2014
EGY,Egypt,AS,0.685,2014
ERI,Eritrea,SSA,0.457,2014
ESP,Spain,,0.888,2014
EST,Estonia,,0.871,2014
ETH,Ethiopia,SSA,0.455,2014
FIN,Finland,,0.928,2014
FJI,Fiji,EAP,0.733,2014
FRA,France,,0.893,2014
FSM,Micronesia (Federated States of),EAP,0.604,2014
GAB,Gabon,SSA,0.682,2014
GBR,United Kingdom,,0.925,2014
GEO,Georgia,ECA,0.783,2014
GHA,Ghana,SSA,0.59,2014
GIN,Guinea,SSA,0.452,2014
GMB,Gambia,SSA,0.468,2014
GNB,Guinea-Bissau,SSA,0.459,2014
GNQ,Equatorial Guinea,SSA,0.586,2014
GRC,Greece,,0.875,2014
GRD,Grenada,LAC,0.766,2014
GTM,Guatemala,LAC,0.648,2014
GUY,Guyana,LAC,0.671,2014
HKG,"Hong Kong, China (SAR)",,0.926,2014
HND,Honduras,LAC,0.616,2014
HRV,Croatia,,0.835,2014
HTI,Haiti,LAC,0.492,2014
HUN,Hungary,,0.838,2014
IDN,Indonesia,EAP,0.69,2014
IND,India,SA,0.616,2014
IRL,Ireland,,0.928,2014
IRN,Iran (Islamic Republic of),SA,0.774,2014
IRQ,Iraq,AS,0.645,2014
ISL,Iceland,,0.931,2014
ISR,Israel,,0.909,2014
ITA,Italy,,0.882,2014
JAM,Jamaica,LAC,0.729,2014
JOR,Jordan,AS,0.729,2014
JPN,Japan,,0.906,2014
KAZ,Kazakhstan,ECA,0.798,2014
KEN,Kenya,SSA,0.58,2014
KGZ,Kyrgyzstan,ECA,0.686,2014
KHM,Cambodia,EAP,0.565,2014
KIR,Kiribati,EAP,0.617,2014
KNA,Saint Kitts and Nevis,LAC,0.768,2014
KOR,Korea (Republic of),,0.904,2014
KWT,Kuwait,AS,0.796,2014
LAO,Lao People's Democratic Republic,EAP,0.589,2014
LBN,Lebanon,AS,0.748,2014
LBR,Liberia,SSA,0.478,2014
LBY,Libya,AS,0.728,2014
LCA,Saint Lucia,LAC,0.735,2014
LIE,Liechtenstein,,0.911,2014
LKA,Sri Lanka,SA,0.773,2014
LSO,Lesotho,SSA,0.498,2014
LTU,Lithuania,,0.859,2014
LUX,Luxembourg,,0.903,2014
LVA,Latvia,,0.845,2014
MAR,Morocco,AS,0.652,2014
MDA,Moldova (Republic of),ECA,0.737,2014
MDG,Madagascar,SSA,0.52,2014
MDV,Maldives,SA,0.718,2014
MEX,Mexico,LAC,0.761,2014
MHL,Marshall Islands,EAP,,2014
MKD,North Macedonia,ECA,0.755,2014
MLI,Mali,SSA,0.419,2014
MLT,Malta,,0.874,2014
MMR,Myanmar,EAP,0.55,2014
MNE,Montenegro,ECA,0.813,2014
MNG,Mongolia,EAP,0.732,2014
MOZ,Mozambique,SSA,0.425,2014
MRT,Mauritania,SSA,0.531,2014
MUS,Mauritius,SSA,0.789,2014
MWI,Malawi,SSA,0.465,2014
MYS,Malaysia,EAP,0.791,2014
NAM,Namibia,SSA,0.631,2014
NER,Niger,SSA,0.365,2014
NGA,Nigeria,SSA,0.523,2014
NIC,Nicaragua,LAC,0.649,2014
NLD,Netherlands,,0.932,2014
NOR,Norway,,0.944,2014
NPL,Nepal,SA,0.576,2014
NZL,New Zealand,,0.916,2014
OMN,Oman,AS,0.802,2014
PAK,Pakistan,SA,0.53,2014
PAN,Panama,LAC,0.795,2014
PER,Peru,LAC,0.76,2014
PHL,Philippines,EAP,0.696,2014
PLW,Palau,EAP,0.825,2014
PNG,Papua New Guinea,EAP,0.542,2014
POL,Poland,,0.858,2014
PRT,Portugal,,0.847,2014
PRY,Paraguay,LAC,0.715,2014
PSE,"Palestine, State of",AS,0.697,2014
QAT,Qatar,AS,0.835,2014
ROU,Romania,,0.811,2014
RUS,Russian Federation,,0.807,2014
RWA,Rwanda,SSA,0.521,2014
SAU,Saudi Arabia,AS,0.852,2014
SDN,Sudan,AS,0.499,2014
SEN,Senegal,SSA,0.499,2014
SGP,Singapore,EAP,0.926,2014
SLB,Solomon Islands,EAP,0.559,2014
SLE,Sierra Leone,SSA,0.438,2014
SLV,El Salvador,LAC,0.668,2014
SRB,Serbia,ECA,0.784,2014
SSD,South Sudan,SSA,0.428,2014
STP,Sao Tome and Principe,SSA,0.591,2014
SUR,Suriname,LAC,0.735,2014
SVK,Slovakia,,0.847,2014
SVN,Slovenia,,0.894,2014
SWE,Sweden,,0.935,2014
SWZ,Eswatini (Kingdom of),SSA,0.568,2014
SYC,Seychelles,SSA,0.775,2014
SYR,Syrian Arab Republic,AS,0.556,2014
TCD,Chad,SSA,0.401,2014
TGO,Togo,SSA,0.493,2014
THA,Thailand,EAP,0.742,2014
TJK,Tajikistan,ECA,0.652,2014
TKM,Turkmenistan,ECA,0.689,2014
TLS,Timor-Leste,EAP,0.62,2014
TON,Tonga,EAP,0.707,2014
TTO,Trinidad and Tobago,LAC,0.785,2014
TUN,Tunisia,AS,0.726,2014
TUR,Turkey,ECA,0.796,2014
TZA,Tanzania (United Republic of),SSA,0.504,2014
UGA,Uganda,SSA,0.519,2014
UKR,Ukraine,ECA,0.771,2014
URY,Uruguay,LAC,0.803,2014
USA,United States,,0.92,2014
UZB,Uzbekistan,ECA,0.696,2014
VCT,Saint Vincent and the Grenadines,LAC,0.733,2014
VEN,Venezuela (Bolivarian Republic of),LAC,0.775,2014
VNM,Viet Nam,EAP,0.683,2014
VUT,Vanuatu,EAP,0.594,2014
WSM,Samoa,EAP,0.703,2014
YEM,Yemen,AS,0.502,2014
ZAF,South Africa,SSA,0.693,2014
ZMB,Zambia,SSA,0.561,2014
ZWE,Zimbabwe,SSA,0.547,2014
AFG,Afghanistan,SA,0.496,2013
AGO,Angola,SSA,0.555,2013
ALB,Albania,ECA,0.782,2013
AND,Andorra,,0.856,2013
ARE,United Arab Emirates,AS,0.838,2013
ARG,Argentina,LAC,0.835,2013
ARM,Armenia,ECA,0.762,2013
ATG,Antigua and Barbuda,LAC,0.76,2013
AUS,Australia,,0.931,2013
AUT,Austria,,0.905,2013
AZE,Azerbaijan,ECA,0.735,2013
BDI,Burundi,SSA,0.432,2013
BEL,Belgium,,0.916,2013
BEN,Benin,SSA,0.522,2013
BFA,Burkina Faso,SSA,0.41,2013
BGD,Bangladesh,SA,0.579,2013
BGR,Bulgaria,,0.801,2013
BHR,Bahrain,AS,0.815,2013
BHS,Bahamas,LAC,0.806,2013
BIH,Bosnia and Herzegovina,ECA,0.755,2013
BLR,Belarus,ECA,0.811,2013
BLZ,Belize,LAC,0.702,2013
BOL,Bolivia (Plurinational State of),LAC,0.684,2013
BRA,Brazil,LAC,0.753,2013
BRB,Barbados,LAC,0.807,2013
BRN,Brunei Darussalam,EAP,0.839,2013
BTN,Bhutan,SA,0.61,2013
BWA,Botswana,SSA,0.701,2013
CAF,Central African Republic,SSA,0.363,2013
CAN,Canada,,0.913,2013
CHE,Switzerland,,0.946,2013
CHL,Chile,LAC,0.826,2013
CHN,China,EAP,0.724,2013
CIV,Côte d'Ivoire,SSA,0.49,2013
CMR,Cameroon,SSA,0.534,2013
COD,Congo (Democratic Republic of the),SSA,0.448,2013
COG,Congo,SSA,0.545,2013
COL,Colombia,LAC,0.742,2013
COM,Comoros,SSA,0.542,2013
CPV,Cabo Verde,SSA,0.647,2013
CRI,Costa Rica,LAC,0.788,2013
CUB,Cuba,LAC,0.766,2013
CYP,Cyprus,,0.86,2013
CZE,Czechia,,0.882,2013
DEU,Germany,,0.935,2013
DJI,Djibouti,AS,0.484,2013
DMA,Dominica,LAC,0.739,2013
DNK,Denmark,,0.933,2013
DOM,Dominican Republic,LAC,0.718,2013
DZA,Algeria,AS,0.729,2013
ECU,Ecuador,LAC,0.754,2013
EGY,Egypt,AS,0.683,2013
ERI,Eritrea,SSA,0.446,2013
ESP,Spain,,0.882,2013
EST,Estonia,,0.869,2013
ETH,Ethiopia,SSA,0.447,2013
FIN,Finland,,0.928,2013
FJI,Fiji,EAP,0.728,2013
FRA,France,,0.889,2013
FSM,Micronesia (Federated States of),EAP,0.605,2013
GAB,Gabon,SSA,0.673,2013
GBR,United Kingdom,,0.921,2013
GEO,Georgia,ECA,0.775,2013
GHA,Ghana,SSA,0.586,2013
GIN,Guinea,SSA,0.445,2013
GMB,Gambia,SSA,0.467,2013
GNB,Guinea-Bissau,SSA,0.452,2013
GNQ,Equatorial Guinea,SSA,0.585,2013
GRC,Greece,,0.867,2013
GRD,Grenada,LAC,0.76,2013
GTM,Guatemala,LAC,0.621,2013
GUY,Guyana,LAC,0.666,2013
HKG,"Hong Kong, China (SAR)",,0.918,2013
HND,Honduras,LAC,0.613,2013
HRV,Croatia,,0.83,2013
HTI,Haiti,LAC,0.487,2013
HUN,Hungary,,0.839,2013
IDN,Indonesia,EAP,0.687,2013
IND,India,SA,0.604,2013
IRL,Ireland,,0.917,2013
IRN,Iran (Islamic Republic of),SA,0.771,2013
IRQ,Iraq,AS,0.646,2013
ISL,Iceland,,0.927,2013
ISR,Israel,,0.905,2013
ITA,Italy,,0.881,2013
JAM,Jamaica,LAC,0.729,2013
JOR,Jordan,AS,0.729,2013
JPN,Japan,,0.902,2013
KAZ,Kazakhstan,ECA,0.791,2013
KEN,Kenya,SSA,0.573,2013
KGZ,Kyrgyzstan,ECA,0.68,2013
KHM,Cambodia,EAP,0.559,2013
KIR,Kiribati,EAP,0.608,2013
KNA,Saint Kitts and Nevis,LAC,0.764,2013
KOR,Korea (Republic of),,0.901,2013
KWT,Kuwait,AS,0.793,2013
LAO,Lao People's Democratic Republic,EAP,0.582,2013
LBN,Lebanon,AS,0.757,2013
LBR,Liberia,SSA,0.477,2013
LBY,Libya,AS,0.761,2013
LCA,Saint Lucia,LAC,0.732,2013
LIE,Liechtenstein,,0.912,2013
LKA,Sri Lanka,SA,0.769,2013
LSO,Lesotho,SSA,0.489,2013
LTU,Lithuania,,0.847,2013
LUX,Luxembourg,,0.9,2013
LVA,Latvia,,0.839,2013
MAR,Morocco,AS,0.644,2013
MDA,Moldova (Republic of),ECA,0.735,2013
MDG,Madagascar,SSA,0.517,2013
MDV,Maldives,SA,0.709,2013
MEX,Mexico,LAC,0.756,2013
MHL,Marshall Islands,EAP,,2013
MKD,North Macedonia,ECA,0.751,2013
MLI,Mali,SSA,0.413,2013
MLT,Malta,,0.867,2013
MMR,Myanmar,EAP,0.543,2013
MNE,Montenegro,ECA,0.811,2013
MNG,Mongolia,EAP,0.727,2013
MOZ,Mozambique,SSA,0.417,2013
MRT,Mauritania,SSA,0.525,2013
MUS,Mauritius,SSA,0.779,2013
MWI,Malawi,SSA,0.456,2013
MYS,Malaysia,EAP,0.785,2013
NAM,Namibia,SSA,0.624,2013
NER,Niger,SSA,0.357,2013
NGA,Nigeria,SSA,0.519,2013
NIC,Nicaragua,LAC,0.639,2013
NLD,Netherlands,,0.93,2013
NOR,Norway,,0.944,2013
NPL,Nepal,SA,0.568,2013
NZL,New Zealand,,0.914,2013
OMN,Oman,AS,0.799,2013
PAK,Pakistan,SA,0.523,2013
PAN,Panama,LAC,0.791,2013
PER,Peru,LAC,0.75,2013
PHL,Philippines,EAP,0.691,2013
PLW,Palau,EAP,0.821,2013
PNG,Papua New Guinea,EAP,0.537,2013
POL,Poland,,0.856,2013
PRT,Portugal,,0.84,2013
PRY,Paraguay,LAC,0.712,2013
PSE,"Palestine, State of",AS,0.695,2013
QAT,Qatar,AS,0.842,2013
ROU,Romania,,0.808,2013
RUS,Russian Federation,,0.802,2013
RWA,Rwanda,SSA,0.515,2013
SAU,Saudi Arabia,AS,0.845,2013
SDN,Sudan,AS,0.494,2013
SEN,Senegal,SSA,0.494,2013
SGP,Singapore,EAP,0.921,2013
SLB,Solomon Islands,EAP,0.558,2013
SLE,Sierra Leone,SSA,0.433,2013
SLV,El Salvador,LAC,0.67,2013
SRB,Serbia,ECA,0.778,2013
SSD,South Sudan,SSA,0.428,2013
STP,Sao Tome and Principe,SSA,0.582,2013
SUR,Suriname,LAC,0.734,2013
SVK,Slovakia,,0.845,2013
SVN,Slovenia,,0.893,2013
SWE,Sweden,,0.933,2013
SWZ,Eswatini (Kingdom of),SSA,0.554,2013
SYC,Seychelles,SSA,0.775,2013
SYR,Syrian Arab Republic,AS,0.596,2013
TCD,Chad,SSA,0.394,2013
TGO,Togo,SSA,0.488,2013
THA,Thailand,EAP,0.734,2013
TJK,Tajikistan,ECA,0.653,2013
TKM,Turkmenistan,ECA,0.685,2013
TLS,Timor-Leste,EAP,0.63,2013
TON,Tonga,EAP,0.708,2013
TTO,Trinidad and Tobago,LAC,0.783,2013
TUN,Tunisia,AS,0.723,2013
TUR,Turkey,ECA,0.785,2013
TZA,Tanzania (United Republic of),SSA,0.497,2013
UGA,Uganda,SSA,0.513,2013
UKR,Ukraine,ECA,0.767,2013
URY,Uruguay,LAC,0.8,2013
USA,United States,,0.918,2013
UZB,Uzbekistan,ECA,0.692,2013
VCT,Saint Vincent and the Grenadines,LAC,0.723,2013
VEN,Venezuela (Bolivarian Republic of),LAC,0.777,2013
VNM,Viet Nam,EAP,0.681,2013
VUT,Vanuatu,EAP,0.593,2013
WSM,Samoa,EAP,0.7,2013
YEM,Yemen,AS,0.509,2013
ZAF,South Africa,SSA,0.685,2013
ZMB,Zambia,SSA,0.557,2013
ZWE,Zimbabwe,SSA,0.537,2013
AFG,Afghanistan,SA,0.489,2012
AGO,Angola,SSA,0.544,2012
ALB,Albania,ECA,0.775,2012
AND,Andorra,,0.858,2012
ARE,United Arab Emirates,AS,0.832,2012
ARG,Argentina,LAC,0.834,2012
ARM,Armenia,ECA,0.756,2012
ATG,Antigua and Barbuda,LAC,0.759,2012
AUS,Australia,,0.937,2012
AUT,Austria,,0.908,2012
AZE,Azerbaijan,ECA,0.73,2012
BDI,Burundi,SSA,0.426,2012
BEL,Belgium,,0.913,2012
BEN,Benin,SSA,0.51,2012
BFA,Burkina Faso,SSA,0.403,2012
BGD,Bangladesh,SA,0.575,2012
BGR,Bulgaria,,0.795,2012
BHR,Bahrain,AS,0.808,2012
BHS,Bahamas,LAC,0.807,2012
BIH,Bosnia and Herzegovina,ECA,0.748,2012
BLR,Belarus,ECA,0.806,2012
BLZ,Belize,LAC,0.701,2012
BOL,Bolivia (Plurinational State of),LAC,0.675,2012
BRA,Brazil,LAC,0.735,2012
BRB,Barbados,LAC,0.808,2012
BRN,Brunei Darussalam,EAP,0.839,2012
BTN,Bhutan,SA,0.597,2012
BWA,Botswana,SSA,0.689,2012
CAF,Central African Republic,SSA,0.381,2012
CAN,Canada,,0.906,2012
CHE,Switzerland,,0.944,2012
CHL,Chile,LAC,0.821,2012
CHN,China,EAP,0.716,2012
CIV,Côte d'Ivoire,SSA,0.482,2012
CMR,Cameroon,SSA,0.525,2012
COD,Congo (Democratic Republic of the),SSA,0.442,2012
COG,Congo,SSA,0.535,2012
COL,Colombia,LAC,0.739,2012
COM,Comoros,SSA,0.538,2012
CPV,Cabo Verde,SSA,0.644,2012
CRI,Costa Rica,LAC,0.783,2012
CUB,Cuba,LAC,0.769,2012
CYP,Cyprus,,0.859,2012
CZE,Czechia,,0.874,2012
DEU,Germany,,0.934,2012
DJI,Djibouti,AS,0.474,2012
DMA,Dominica,LAC,0.739,2012
DNK,Denmark,,0.931,2012
DOM,Dominican Republic,LAC,0.714,2012
DZA,Algeria,AS,0.728,2012
ECU,Ecuador,LAC,0.751,2012
EGY,Egypt,AS,0.677,2012
ERI,Eritrea,SSA,0.441,2012
ESP,Spain,,0.881,2012
EST,Estonia,,0.865,2012
ETH,Ethiopia,SSA,0.438,2012
FIN,Finland,,0.921,2012
FJI,Fiji,EAP,0.722,2012
FRA,France,,0.885,2012
FSM,Micronesia (Federated States of),EAP,0.605,2012
GAB,Gabon,SSA,0.666,2012
GBR,United Kingdom,,0.904,2012
GEO,Georgia,ECA,0.767,2012
GHA,Ghana,SSA,0.577,2012
GIN,Guinea,SSA,0.439,2012
GMB,Gambia,SSA,0.461,2012
GNB,Guinea-Bissau,SSA,0.448,2012
GNQ,Equatorial Guinea,SSA,0.584,2012
GRC,Greece,,0.865,2012
GRD,Grenada,LAC,0.757,2012
GTM,Guatemala,LAC,0.618,2012
GUY,Guyana,LAC,0.662,2012
HKG,"Hong Kong, China (SAR)",,0.914,2012
HND,Honduras,LAC,0.612,2012
HRV,Croatia,,0.825,2012
HTI,Haiti,LAC,0.482,2012
HUN,Hungary,,0.831,2012
IDN,Indonesia,EAP,0.681,2012
IND,India,SA,0.597,2012
IRL,Ireland,,0.908,2012
IRN,Iran (Islamic Republic of),SA,0.768,2012
IRQ,Iraq,AS,0.646,2012
ISL,Iceland,,0.915,2012
ISR,Israel,,0.903,2012
ITA,Italy,,0.882,2012
JAM,Jamaica,LAC,0.731,2012
JOR,Jordan,AS,0.735,2012
JPN,Japan,,0.897,2012
KAZ,Kazakhstan,ECA,0.782,2012
KEN,Kenya,SSA,0.566,2012
KGZ,Kyrgyzstan,ECA,0.674,2012
KHM,Cambodia,EAP,0.552,2012
KIR,Kiribati,EAP,0.6,2012
KNA,Saint Kitts and Nevis,LAC,0.745,2012
KOR,Korea (Republic of),,0.898,2012
KWT,Kuwait,AS,0.796,2012
LAO,Lao People's Democratic Republic,EAP,0.575,2012
LBN,Lebanon,AS,0.759,2012
LBR,Liberia,SSA,0.469,2012
LBY,Libya,AS,0.789,2012
LCA,Saint Lucia,LAC,0.73,2012
LIE,Liechtenstein,,0.908,2012
LKA,Sri Lanka,SA,0.766,2012
LSO,Lesotho,SSA,0.48,2012
LTU,Lithuania,,0.841,2012
LUX,Luxembourg,,0.9,2012
LVA,Latvia,,0.832,2012
MAR,Morocco,AS,0.635,2012
MDA,Moldova (Republic of),ECA,0.726,2012
MDG,Madagascar,SSA,0.514,2012
MDV,Maldives,SA,0.704,2012
MEX,Mexico,LAC,0.759,2012
MHL,Marshall Islands,EAP,,2012
MKD,North Macedonia,ECA,0.748,2012
MLI,Mali,SSA,0.413,2012
MLT,Malta,,0.86,2012
MMR,Myanmar,EAP,0.533,2012
MNE,Montenegro,ECA,0.807,2012
MNG,Mongolia,EAP,0.718,2012
MOZ,Mozambique,SSA,0.403,2012
MRT,Mauritania,SSA,0.517,2012
MUS,Mauritius,SSA,0.771,2012
MWI,Malawi,SSA,0.446,2012
MYS,Malaysia,EAP,0.781,2012
NAM,Namibia,SSA,0.613,2012
NER,Niger,SSA,0.35,2012
NGA,Nigeria,SSA,0.5,2012
NIC,Nicaragua,LAC,0.633,2012
NLD,Netherlands,,0.928,2012
NOR,Norway,,0.941,2012
NPL,Nepal,SA,0.559,2012
NZL,New Zealand,,0.911,2012
OMN,Oman,AS,0.791,2012
PAK,Pakistan,SA,0.519,2012
PAN,Panama,LAC,0.786,2012
PER,Peru,LAC,0.742,2012
PHL,Philippines,EAP,0.684,2012
PLW,Palau,EAP,0.795,2012
PNG,Papua New Guinea,EAP,0.52,2012
POL,Poland,,0.842,2012
PRT,Portugal,,0.836,2012
PRY,Paraguay,LAC,0.701,2012
PSE,"Palestine, State of",AS,0.698,2012
QAT,Qatar,AS,0.854,2012
ROU,Romania,,0.803,2012
RUS,Russian Federation,,0.798,2012
RWA,Rwanda,SSA,0.508,2012
SAU,Saudi Arabia,AS,0.835,2012
SDN,Sudan,AS,0.486,2012
SEN,Senegal,SSA,0.487,2012
SGP,Singapore,EAP,0.918,2012
SLB,Solomon Islands,EAP,0.553,2012
SLE,Sierra Leone,SSA,0.421,2012
SLV,El Salvador,LAC,0.669,2012
SRB,Serbia,ECA,0.775,2012
SSD,South Sudan,SSA,0.397,2012
STP,Sao Tome and Principe,SSA,0.573,2012
SUR,Suriname,LAC,0.729,2012
SVK,Slovakia,,0.843,2012
SVN,Slovenia,,0.884,2012
SWE,Sweden,,0.914,2012
SWZ,Eswatini (Kingdom of),SSA,0.539,2012
SYC,Seychelles,SSA,0.755,2012
SYR,Syrian Arab Republic,AS,0.664,2012
TCD,Chad,SSA,0.388,2012
TGO,Togo,SSA,0.482,2012
THA,Thailand,EAP,0.737,2012
TJK,Tajikistan,ECA,0.643,2012
TKM,Turkmenistan,ECA,0.679,2012
TLS,Timor-Leste,EAP,0.639,2012
TON,Tonga,EAP,0.708,2012
TTO,Trinidad and Tobago,LAC,0.78,2012
TUN,Tunisia,AS,0.72,2012
TUR,Turkey,ECA,0.765,2012
TZA,Tanzania (United Republic of),SSA,0.496,2012
UGA,Uganda,SSA,0.507,2012
UKR,Ukraine,ECA,0.764,2012
URY,Uruguay,LAC,0.793,2012
USA,United States,,0.92,2012
UZB,Uzbekistan,ECA,0.685,2012
VCT,Saint Vincent and the Grenadines,LAC,0.72,2012
VEN,Venezuela (Bolivarian Republic of),LAC,0.772,2012
VNM,Viet Nam,EAP,0.676,2012
VUT,Vanuatu,EAP,0.591,2012
WSM,Samoa,EAP,0.698,2012
YEM,Yemen,AS,0.504,2012
ZAF,South Africa,SSA,0.675,2012
ZMB,Zambia,SSA,0.549,2012
ZWE,Zimbabwe,SSA,0.525,2012
AFG,Afghanistan,SA,0.477,2011
AGO,Angola,SSA,0.533,2011
ALB,Albania,ECA,0.764,2011
AND,Andorra,,0.836,2011
ARE,United Arab Emirates,AS,0.826,2011
ARG,Argentina,LAC,0.835,2011
ARM,Armenia,ECA,0.751,2011
ATG,Antigua and Barbuda,LAC,0.755,2011
AUS,Australia,,0.932,2011
AUT,Austria,,0.906,2011
AZE,Azerbaijan,ECA,0.727,2011
BDI,Burundi,SSA,0.419,2011
BEL,Belgium,,0.911,2011
BEN,Benin,SSA,0.5,2011
BFA,Burkina Faso,SSA,0.394,2011
BGD,Bangladesh,SA,0.566,2011
BGR,Bulgaria,,0.791,2011
BHR,Bahrain,AS,0.801,2011
BHS,Bahamas,LAC,0.805,2011
BIH,Bosnia and Herzegovina,ECA,0.729,2011
BLR,Belarus,ECA,0.801,2011
BLZ,Belize,LAC,0.694,2011
BOL,Bolivia (Plurinational State of),LAC,0.671,2011
BRA,Brazil,LAC,0.731,2011
BRB,Barbados,LAC,0.799,2011
BRN,Brunei Darussalam,EAP,0.831,2011
BTN,Bhutan,SA,0.585,2011
BWA,Botswana,SSA,0.677,2011
CAF,Central African Republic,SSA,0.374,2011
CAN,Canada,,0.903,2011
CHE,Switzerland,,0.941,2011
CHL,Chile,LAC,0.815,2011
CHN,China,EAP,0.707,2011
CIV,Côte d'Ivoire,SSA,0.472,2011
CMR,Cameroon,SSA,0.514,2011
COD,Congo (Democratic Republic of the),SSA,0.438,2011
COG,Congo,SSA,0.522,2011
COL,Colombia,LAC,0.734,2011
COM,Comoros,SSA,0.533,2011
CPV,Cabo Verde,SSA,0.639,2011
CRI,Costa Rica,LAC,0.778,2011
CUB,Cuba,LAC,0.78,2011
CYP,Cyprus,,0.86,2011
CZE,Czechia,,0.874,2011
DEU,Germany,,0.933,2011
DJI,Djibouti,AS,0.463,2011
DMA,Dominica,LAC,0.741,2011
DNK,Denmark,,0.93,2011
DOM,Dominican Republic,LAC,0.71,2011
DZA,Algeria,AS,0.728,2011
ECU,Ecuador,LAC,0.732,2011
EGY,Egypt,AS,0.671,2011
ERI,Eritrea,SSA,0.436,2011
ESP,Spain,,0.878,2011
EST,Estonia,,0.86,2011
ETH,Ethiopia,SSA,0.432,2011
FIN,Finland,,0.92,2011
FJI,Fiji,EAP,0.719,2011
FRA,France,,0.882,2011
FSM,Micronesia (Federated States of),EAP,0.604,2011
GAB,Gabon,SSA,0.657,2011
GBR,United Kingdom,,0.906,2011
GEO,Georgia,ECA,0.757,2011
GHA,Ghana,SSA,0.574,2011
GIN,Guinea,SSA,0.429,2011
GMB,Gambia,SSA,0.455,2011
GNB,Guinea-Bissau,SSA,0.445,2011
GNQ,Equatorial Guinea,SSA,0.58,2011
GRC,Greece,,0.862,2011
GRD,Grenada,LAC,0.756,2011
GTM,Guatemala,LAC,0.612,2011
GUY,Guyana,LAC,0.658,2011
HKG,"Hong Kong, China (SAR)",,0.907,2011
HND,Honduras,LAC,0.613,2011
HRV,Croatia,,0.823,2011
HTI,Haiti,LAC,0.478,2011
HUN,Hungary,,0.828,2011
IDN,Indonesia,EAP,0.673,2011
IND,India,SA,0.588,2011
IRL,Ireland,,0.902,2011
IRN,Iran (Islamic Republic of),SA,0.753,2011
IRQ,Iraq,AS,0.642,2011
ISL,Iceland,,0.907,2011
ISR,Israel,,0.901,2011
ITA,Italy,,0.883,2011
JAM,Jamaica,LAC,0.731,2011
JOR,Jordan,AS,0.734,2011
JPN,Japan,,0.892,2011
KAZ,Kazakhstan,ECA,0.772,2011
KEN,Kenya,SSA,0.559,2011
KGZ,Kyrgyzstan,ECA,0.664,2011
KHM,Cambodia,EAP,0.546,2011
KIR,Kiribati,EAP,0.591,2011
KNA,Saint Kitts and Nevis,LAC,0.749,2011
KOR,Korea (Republic of),,0.895,2011
KWT,Kuwait,AS,0.792,2011
LAO,Lao People's Democratic Republic,EAP,0.565,2011
LBN,Lebanon,AS,0.768,2011
LBR,Liberia,SSA,0.472,2011
LBY,Libya,AS,0.764,2011
LCA,Saint Lucia,LAC,0.736,2011
LIE,Liechtenstein,,0.909,2011
LKA,Sri Lanka,SA,0.76,2011
LSO,Lesotho,SSA,0.469,2011
LTU,Lithuania,,0.838,2011
LUX,Luxembourg,,0.899,2011
LVA,Latvia,,0.829,2011
MAR,Morocco,AS,0.626,2011
MDA,Moldova (Republic of),ECA,0.719,2011
MDG,Madagascar,SSA,0.512,2011
MDV,Maldives,SA,0.697,2011
MEX,Mexico,LAC,0.755,2011
MHL,Marshall Islands,EAP,,2011
MKD,North Macedonia,ECA,0.747,2011
MLI,Mali,SSA,0.413,2011
MLT,Malta,,0.853,2011
MMR,Myanmar,EAP,0.526,2011
MNE,Montenegro,ECA,0.806,2011
MNG,Mongolia,EAP,0.71,2011
MOZ,Mozambique,SSA,0.397,2011
MRT,Mauritania,SSA,0.509,2011
MUS,Mauritius,SSA,0.76,2011
MWI,Malawi,SSA,0.44,2011
MYS,Malaysia,EAP,0.778,2011
NAM,Namibia,SSA,0.602,2011
NER,Niger,SSA,0.338,2011
NGA,Nigeria,SSA,0.492,2011
NIC,Nicaragua,LAC,0.628,2011
NLD,Netherlands,,0.928,2011
NOR,Norway,,0.942,2011
NPL,Nepal,SA,0.545,2011
NZL,New Zealand,,0.909,2011
OMN,Oman,AS,0.782,2011
PAK,Pakistan,SA,0.516,2011
PAN,Panama,LAC,0.78,2011
PER,Peru,LAC,0.734,2011
PHL,Philippines,EAP,0.676,2011
PLW,Palau,EAP,0.793,2011
PNG,Papua New Guinea,EAP,0.53,2011
POL,Poland,,0.845,2011
PRT,Portugal,,0.833,2011
PRY,Paraguay,LAC,0.701,2011
PSE,"Palestine, State of",AS,0.692,2011
QAT,Qatar,AS,0.84,2011
ROU,Romania,,0.806,2011
RUS,Russian Federation,,0.79,2011
RWA,Rwanda,SSA,0.5,2011
SAU,Saudi Arabia,AS,0.823,2011
SDN,Sudan,AS,0.474,2011
SEN,Senegal,SSA,0.471,2011
SGP,Singapore,EAP,0.913,2011
SLB,Solomon Islands,EAP,0.541,2011
SLE,Sierra Leone,SSA,0.406,2011
SLV,El Salvador,LAC,0.664,2011
SRB,Serbia,ECA,0.776,2011
SSD,South Sudan,SSA,0.43,2011
STP,Sao Tome and Principe,SSA,0.568,2011
SUR,Suriname,LAC,0.717,2011
SVK,Slovakia,,0.838,2011
SVN,Slovenia,,0.891,2011
SWE,Sweden,,0.912,2011
SWZ,Eswatini (Kingdom of),SSA,0.524,2011
SYC,Seychelles,SSA,0.767,2011
SYR,Syrian Arab Republic,AS,0.678,2011
TCD,Chad,SSA,0.38,2011
TGO,Togo,SSA,0.479,2011
THA,Thailand,EAP,0.733,2011
TJK,Tajikistan,ECA,0.636,2011
TKM,Turkmenistan,ECA,0.673,2011
TLS,Timor-Leste,EAP,0.644,2011
TON,Tonga,EAP,0.704,2011
TTO,Trinidad and Tobago,LAC,0.782,2011
TUN,Tunisia,AS,0.718,2011
TUR,Turkey,ECA,0.753,2011
TZA,Tanzania (United Republic of),SSA,0.487,2011
UGA,Uganda,SSA,0.504,2011
UKR,Ukraine,ECA,0.76,2011
URY,Uruguay,LAC,0.789,2011
USA,United States,,0.919,2011
UZB,Uzbekistan,ECA,0.676,2011
VCT,Saint Vincent and the Grenadines,LAC,0.721,2011
VEN,Venezuela (Bolivarian Republic of),LAC,0.769,2011
VNM,Viet Nam,EAP,0.671,2011
VUT,Vanuatu,EAP,0.591,2011
WSM,Samoa,EAP,0.701,2011
YEM,Yemen,AS,0.506,2011
ZAF,South Africa,SSA,0.665,2011
ZMB,Zambia,SSA,0.534,2011
ZWE,Zimbabwe,SSA,0.499,2011
AFG,Afghanistan,SA,0.472,2010
AGO,Angola,SSA,0.517,2010
ALB,Albania,ECA,0.745,2010
AND,Andorra,,0.837,2010
ARE,United Arab Emirates,AS,0.82,2010
ARG,Argentina,LAC,0.829,2010
ARM,Armenia,ECA,0.747,2010
ATG,Antigua and Barbuda,LAC,0.763,2010
AUS,Australia,,0.93,2010
AUT,Austria,,0.904,2010
AZE,Azerbaijan,ECA,0.726,2010
BDI,Burundi,SSA,0.411,2010
BEL,Belgium,,0.91,2010
BEN,Benin,SSA,0.494,2010
BFA,Burkina Faso,SSA,0.384,2010
BGD,Bangladesh,SA,0.557,2010
BGR,Bulgaria,,0.788,2010
BHR,Bahrain,AS,0.8,2010
BHS,Bahamas,LAC,0.805,2010
BIH,Bosnia and Herzegovina,ECA,0.721,2010
BLR,Belarus,ECA,0.795,2010
BLZ,Belize,LAC,0.695,2010
BOL,Bolivia (Plurinational State of),LAC,0.667,2010
BRA,Brazil,LAC,0.727,2010
BRB,Barbados,LAC,0.797,2010
BRN,Brunei Darussalam,EAP,0.827,2010
BTN,Bhutan,SA,0.574,2010
BWA,Botswana,SSA,0.663,2010
CAF,Central African Republic,SSA,0.365,2010
CAN,Canada,,0.901,2010
CHE,Switzerland,,0.941,2010
CHL,Chile,LAC,0.803,2010
CHN,China,EAP,0.699,2010
CIV,Côte d'Ivoire,SSA,0.468,2010
CMR,Cameroon,SSA,0.505,2010
COD,Congo (Democratic Republic of the),SSA,0.435,2010
COG,Congo,SSA,0.52,2010
COL,Colombia,LAC,0.729,2010
COM,Comoros,SSA,0.521,2010
CPV,Cabo Verde,SSA,0.632,2010
CRI,Costa Rica,LAC,0.765,2010
CUB,Cuba,LAC,0.781,2010
CYP,Cyprus,,0.856,2010
CZE,Czechia,,0.87,2010
DEU,Germany,,0.927,2010
DJI,Djibouti,AS,0.454,2010
DMA,Dominica,LAC,0.74,2010
DNK,Denmark,,0.917,2010
DOM,Dominican Republic,LAC,0.706,2010
DZA,Algeria,AS,0.721,2010
ECU,Ecuador,LAC,0.726,2010
EGY,Egypt,AS,0.668,2010
ERI,Eritrea,SSA,0.436,2010
ESP,Spain,,0.872,2010
EST,Estonia,,0.852,2010
ETH,Ethiopia,SSA,0.421,2010
FIN,Finland,,0.916,2010
FJI,Fiji,EAP,0.715,2010
FRA,France,,0.879,2010
FSM,Micronesia (Federated States of),EAP,0.601,2010
GAB,Gabon,SSA,0.652,2010
GBR,United Kingdom,,0.912,2010
GEO,Georgia,ECA,0.751,2010
GHA,Ghana,SSA,0.565,2010
GIN,Guinea,SSA,0.416,2010
GMB,Gambia,SSA,0.459,2010
GNB,Guinea-Bissau,SSA,0.436,2010
GNQ,Equatorial Guinea,SSA,0.576,2010
GRC,Greece,,0.865,2010
GRD,Grenada,LAC,0.754,2010
GTM,Guatemala,LAC,0.606,2010
GUY,Guyana,LAC,0.649,2010
HKG,"Hong Kong, China (SAR)",,0.904,2010
HND,Honduras,LAC,0.61,2010
HRV,Croatia,,0.815,2010
HTI,Haiti,LAC,0.471,2010
HUN,Hungary,,0.831,2010
IDN,Indonesia,EAP,0.665,2010
IND,India,SA,0.579,2010
IRL,Ireland,,0.901,2010
IRN,Iran (Islamic Republic of),SA,0.742,2010
IRQ,Iraq,AS,0.636,2010
ISL,Iceland,,0.898,2010
ISR,Israel,,0.895,2010
ITA,Italy,,0.879,2010
JAM,Jamaica,LAC,0.732,2010
JOR,Jordan,AS,0.737,2010
JPN,Japan,,0.887,2010
KAZ,Kazakhstan,ECA,0.764,2010
KEN,Kenya,SSA,0.551,2010
KGZ,Kyrgyzstan,ECA,0.662,2010
KHM,Cambodia,EAP,0.539,2010
KIR,Kiribati,EAP,0.593,2010
KNA,Saint Kitts and Nevis,LAC,0.746,2010
KOR,Korea (Republic of),,0.889,2010
KWT,Kuwait,AS,0.788,2010
LAO,Lao People's Democratic Republic,EAP,0.552,2010
LBN,Lebanon,AS,0.766,2010
LBR,Liberia,SSA,0.455,2010
LBY,Libya,AS,0.798,2010
LCA,Saint Lucia,LAC,0.73,2010
LIE,Liechtenstein,,0.904,2010
LKA,Sri Lanka,SA,0.754,2010
LSO,Lesotho,SSA,0.46,2010
LTU,Lithuania,,0.831,2010
LUX,Luxembourg,,0.898,2010
LVA,Latvia,,0.824,2010
MAR,Morocco,AS,0.616,2010
MDA,Moldova (Republic of),ECA,0.713,2010
MDG,Madagascar,SSA,0.511,2010
MDV,Maldives,SA,0.685,2010
MEX,Mexico,LAC,0.748,2010
MHL,Marshall Islands,EAP,,2010
MKD,North Macedonia,ECA,0.743,2010
MLI,Mali,SSA,0.408,2010
MLT,Malta,,0.853,2010
MMR,Myanmar,EAP,0.515,2010
MNE,Montenegro,ECA,0.802,2010
MNG,Mongolia,EAP,0.696,2010
MOZ,Mozambique,SSA,0.401,2010
MRT,Mauritania,SSA,0.505,2010
MUS,Mauritius,SSA,0.751,2010
MWI,Malawi,SSA,0.431,2010
MYS,Malaysia,EAP,0.772,2010
NAM,Namibia,SSA,0.589,2010
NER,Niger,SSA,0.331,2010
NGA,Nigeria,SSA,0.482,2010
NIC,Nicaragua,LAC,0.622,2010
NLD,Netherlands,,0.917,2010
NOR,Norway,,0.94,2010
NPL,Nepal,SA,0.537,2010
NZL,New Zealand,,0.906,2010
OMN,Oman,AS,0.782,2010
PAK,Pakistan,SA,0.512,2010
PAN,Panama,LAC,0.774,2010
PER,Peru,LAC,0.721,2010
PHL,Philippines,EAP,0.671,2010
PLW,Palau,EAP,0.786,2010
PNG,Papua New Guinea,EAP,0.522,2010
POL,Poland,,0.84,2010
PRT,Portugal,,0.829,2010
PRY,Paraguay,LAC,0.696,2010
PSE,"Palestine, State of",AS,0.684,2010
QAT,Qatar,AS,0.834,2010
ROU,Romania,,0.805,2010
RUS,Russian Federation,,0.781,2010
RWA,Rwanda,SSA,0.492,2010
SAU,Saudi Arabia,AS,0.809,2010
SDN,Sudan,AS,0.469,2010
SEN,Senegal,SSA,0.468,2010
SGP,Singapore,EAP,0.909,2010
SLB,Solomon Islands,EAP,0.537,2010
SLE,Sierra Leone,SSA,0.399,2010
SLV,El Salvador,LAC,0.668,2010
SRB,Serbia,ECA,0.766,2010
SSD,South Sudan,SSA,0.41,2010
STP,Sao Tome and Principe,SSA,0.561,2010
SUR,Suriname,LAC,0.71,2010
SVK,Slovakia,,0.831,2010
SVN,Slovenia,,0.889,2010
SWE,Sweden,,0.911,2010
SWZ,Eswatini (Kingdom of),SSA,0.51,2010
SYC,Seychelles,SSA,0.764,2010
SYR,Syrian Arab Republic,AS,0.672,2010
TCD,Chad,SSA,0.369,2010
TGO,Togo,SSA,0.466,2010
THA,Thailand,EAP,0.724,2010
TJK,Tajikistan,ECA,0.638,2010
TKM,Turkmenistan,ECA,0.666,2010
TLS,Timor-Leste,EAP,0.628,2010
TON,Tonga,EAP,0.699,2010
TTO,Trinidad and Tobago,LAC,0.784,2010
TUN,Tunisia,AS,0.716,2010
TUR,Turkey,ECA,0.739,2010
TZA,Tanzania (United Republic of),SSA,0.481,2010
UGA,Uganda,SSA,0.498,2010
UKR,Ukraine,ECA,0.755,2010
URY,Uruguay,LAC,0.782,2010
USA,United States,,0.916,2010
UZB,Uzbekistan,ECA,0.669,2010
VCT,Saint Vincent and the Grenadines,LAC,0.718,2010
VEN,Venezuela (Bolivarian Republic of),LAC,0.757,2010
VNM,Viet Nam,EAP,0.661,2010
VUT,Vanuatu,EAP,0.59,2010
WSM,Samoa,EAP,0.698,2010
YEM,Yemen,AS,0.506,2010
ZAF,South Africa,SSA,0.664,2010
ZMB,Zambia,SSA,0.527,2010
ZWE,Zimbabwe,SSA,0.482,2010
AFG,Afghanistan,SA,0.46,2009
AGO,Angola,SSA,0.515,2009
ALB,Albania,ECA,0.733,2009
AND,Andorra,,0.839,2009
ARE,United Arab Emirates,AS,0.819,2009
ARG,Argentina,LAC,0.821,2009
ARM,Armenia,ECA,0.742,2009
ATG,Antigua and Barbuda,LAC,0.767,2009
AUS,Australia,,0.928,2009
AUT,Austria,,0.895,2009
AZE,Azerbaijan,ECA,0.727,2009
BDI,Burundi,SSA,0.401,2009
BEL,Belgium,,0.907,2009
BEN,Benin,SSA,0.488,2009
BFA,Burkina Faso,SSA,0.373,2009
BGD,Bangladesh,SA,0.543,2009
BGR,Bulgaria,,0.782,2009
BHR,Bahrain,AS,0.798,2009
BHS,Bahamas,LAC,0.803,2009
BIH,Bosnia and Herzegovina,ECA,0.727,2009
BLR,Belarus,ECA,0.787,2009
BLZ,Belize,LAC,0.684,2009
BOL,Bolivia (Plurinational State of),LAC,0.663,2009
BRA,Brazil,LAC,0.719,2009
BRB,Barbados,LAC,0.8,2009
BRN,Brunei Darussalam,EAP,0.827,2009
BTN,Bhutan,SA,0.561,2009
BWA,Botswana,SSA,0.65,2009
CAF,Central African Republic,SSA,0.356,2009
CAN,Canada,,0.898,2009
CHE,Switzerland,,0.935,2009
CHL,Chile,LAC,0.822,2009
CHN,China,EAP,0.687,2009
CIV,Côte d'Ivoire,SSA,0.462,2009
CMR,Cameroon,SSA,0.498,2009
COD,Congo (Democratic Republic of the),SSA,0.419,2009
COG,Congo,SSA,0.514,2009
COL,Colombia,LAC,0.72,2009
COM,Comoros,SSA,0.514,2009
CPV,Cabo Verde,SSA,0.63,2009
CRI,Costa Rica,LAC,0.762,2009
CUB,Cuba,LAC,0.785,2009
CYP,Cyprus,,0.862,2009
CZE,Czechia,,0.866,2009
DEU,Germany,,0.924,2009
DJI,Djibouti,AS,0.442,2009
DMA,Dominica,LAC,0.731,2009
DNK,Denmark,,0.914,2009
DOM,Dominican Republic,LAC,0.7,2009
DZA,Algeria,AS,0.711,2009
ECU,Ecuador,LAC,0.719,2009
EGY,Egypt,AS,0.662,2009
ERI,Eritrea,SSA,0.436,2009
ESP,Spain,,0.865,2009
EST,Estonia,,0.846,2009
ETH,Ethiopia,SSA,0.411,2009
FIN,Finland,,0.912,2009
FJI,Fiji,EAP,0.715,2009
FRA,France,,0.876,2009
FSM,Micronesia (Federated States of),EAP,0.596,2009
GAB,Gabon,SSA,0.646,2009
GBR,United Kingdom,,0.906,2009
GEO,Georgia,ECA,0.746,2009
GHA,Ghana,SSA,0.558,2009
GIN,Guinea,SSA,0.408,2009
GMB,Gambia,SSA,0.456,2009
GNB,Guinea-Bissau,SSA,0.43,2009
GNQ,Equatorial Guinea,SSA,0.585,2009
GRC,Greece,,0.867,2009
GRD,Grenada,LAC,0.75,2009
GTM,Guatemala,LAC,0.601,2009
GUY,Guyana,LAC,0.641,2009
HKG,"Hong Kong, China (SAR)",,0.901,2009
HND,Honduras,LAC,0.605,2009
HRV,Croatia,,0.812,2009
HTI,Haiti,LAC,0.47,2009
HUN,Hungary,,0.828,2009
IDN,Indonesia,EAP,0.658,2009
IND,India,SA,0.569,2009
IRL,Ireland,,0.906,2009
IRN,Iran (Islamic Republic of),SA,0.734,2009
IRQ,Iraq,AS,0.632,2009
ISL,Iceland,,0.898,2009
ISR,Israel,,0.89,2009
ITA,Italy,,0.876,2009
JAM,Jamaica,LAC,0.733,2009
JOR,Jordan,AS,0.743,2009
JPN,Japan,,0.882,2009
KAZ,Kazakhstan,ECA,0.762,2009
KEN,Kenya,SSA,0.541,2009
KGZ,Kyrgyzstan,ECA,0.661,2009
KHM,Cambodia,EAP,0.528,2009
KIR,Kiribati,EAP,0.588,2009
KNA,Saint Kitts and Nevis,LAC,0.74,2009
KOR,Korea (Republic of),,0.877,2009
KWT,Kuwait,AS,0.789,2009
LAO,Lao People's Democratic Republic,EAP,0.545,2009
LBN,Lebanon,AS,0.764,2009
LBR,Liberia,SSA,0.452,2009
LBY,Libya,AS,0.799,2009
LCA,Saint Lucia,LAC,0.728,2009
LIE,Liechtenstein,,0.899,2009
LKA,Sri Lanka,SA,0.749,2009
LSO,Lesotho,SSA,0.455,2009
LTU,Lithuania,,0.828,2009
LUX,Luxembourg,,0.893,2009
LVA,Latvia,,0.826,2009
MAR,Morocco,AS,0.608,2009
MDA,Moldova (Republic of),ECA,0.706,2009
MDG,Madagascar,SSA,0.51,2009
MDV,Maldives,SA,0.674,2009
MEX,Mexico,LAC,0.748,2009
MHL,Marshall Islands,EAP,,2009
MKD,North Macedonia,ECA,0.739,2009
MLI,Mali,SSA,0.401,2009
MLT,Malta,,0.84,2009
MMR,Myanmar,EAP,0.504,2009
MNE,Montenegro,ECA,0.797,2009
MNG,Mongolia,EAP,0.687,2009
MOZ,Mozambique,SSA,0.394,2009
MRT,Mauritania,SSA,0.502,2009
MUS,Mauritius,SSA,0.745,2009
MWI,Malawi,SSA,0.42,2009
MYS,Malaysia,EAP,0.765,2009
NAM,Namibia,SSA,0.576,2009
NER,Niger,SSA,0.321,2009
NGA,Nigeria,SSA,0.49,2009
NIC,Nicaragua,LAC,0.617,2009
NLD,Netherlands,,0.912,2009
NOR,Norway,,0.937,2009
NPL,Nepal,SA,0.522,2009
NZL,New Zealand,,0.905,2009
OMN,Oman,AS,0.777,2009
PAK,Pakistan,SA,0.508,2009
PAN,Panama,LAC,0.772,2009
PER,Peru,LAC,0.718,2009
PHL,Philippines,EAP,0.665,2009
PLW,Palau,EAP,0.782,2009
PNG,Papua New Guinea,EAP,0.512,2009
POL,Poland,,0.834,2009
PRT,Portugal,,0.823,2009
PRY,Paraguay,LAC,0.681,2009
PSE,"Palestine, State of",AS,0.679,2009
QAT,Qatar,AS,0.841,2009
ROU,Romania,,0.806,2009
RUS,Russian Federation,,0.773,2009
RWA,Rwanda,SSA,0.477,2009
SAU,Saudi Arabia,AS,0.796,2009
SDN,Sudan,AS,0.468,2009
SEN,Senegal,SSA,0.461,2009
SGP,Singapore,EAP,0.888,2009
SLB,Solomon Islands,EAP,0.517,2009
SLE,Sierra Leone,SSA,0.394,2009
SLV,El Salvador,LAC,0.656,2009
SRB,Serbia,ECA,0.766,2009
SSD,South Sudan,SSA,,2009
STP,Sao Tome and Principe,SSA,0.556,2009
SUR,Suriname,LAC,0.707,2009
SVK,Slovakia,,0.825,2009
SVN,Slovenia,,0.885,2009
SWE,Sweden,,0.905,2009
SWZ,Eswatini (Kingdom of),SSA,0.498,2009
SYC,Seychelles,SSA,0.754,2009
SYR,Syrian Arab Republic,AS,0.674,2009
TCD,Chad,SSA,0.361,2009
TGO,Togo,SSA,0.456,2009
THA,Thailand,EAP,0.722,2009
TJK,Tajikistan,ECA,0.633,2009
TKM,Turkmenistan,ECA,,2009
TLS,Timor-Leste,EAP,0.611,2009
TON,Tonga,EAP,0.693,2009
TTO,Trinidad and Tobago,LAC,0.782,2009
TUN,Tunisia,AS,0.709,2009
TUR,Turkey,ECA,0.72,2009
TZA,Tanzania (United Republic of),SSA,0.474,2009
UGA,Uganda,SSA,0.487,2009
UKR,Ukraine,ECA,0.749,2009
URY,Uruguay,LAC,0.775,2009
USA,United States,,0.912,2009
UZB,Uzbekistan,ECA,0.66,2009
VCT,Saint Vincent and the Grenadines,LAC,0.72,2009
VEN,Venezuela (Bolivarian Republic of),LAC,0.756,2009
VNM,Viet Nam,EAP,0.659,2009
VUT,Vanuatu,EAP,0.589,2009
WSM,Samoa,EAP,0.691,2009
YEM,Yemen,AS,0.502,2009
ZAF,South Africa,SSA,0.655,2009
ZMB,Zambia,SSA,0.517,2009
ZWE,Zimbabwe,SSA,0.458,2009