country_code,country,hdi_code,data_year,mean_years_schooling,country_code_year
DEU,Germany,Very High,2019,14.15168000,DEU_2019
DEU,Germany,Very High,2016,14.13215000,DEU_2016
DEU,Germany,Very High,2017,14.13215000,DEU_2017
DEU,Germany,Very High,2018,14.13215000,DEU_2018
DEU,Germany,Very High,2015,14.08202000,DEU_2015
USA,United States,Very High,2017,13.41344000,USA_2017
USA,United States,Very High,2018,13.41344000,USA_2018
USA,United States,Very High,2019,13.41344000,USA_2019
CHE,Switzerland,Very High,2018,13.38081241,CHE_2018
CHE,Switzerland,Very High,2019,13.38081241,CHE_2019
CAN,Canada,Very High,2019,13.36610479,CAN_2019
USA,United States,Very High,2016,13.32078000,USA_2016
CAN,Canada,Very High,2017,13.31536312,CAN_2017
CAN,Canada,Very High,2018,13.31536312,CAN_2018
USA,United States,Very High,2015,13.28915000,USA_2015
CAN,Canada,Very High,2016,13.28188945,CAN_2016
GBR,United Kingdom,Very High,2019,13.24287000,GBR_2019
CAN,Canada,Very High,2015,13.23852590,CAN_2015
EST,Estonia,Very High,2019,13.14306146,EST_2019
GEO,Georgia,Very High,2019,13.13296000,GEO_2019
CHE,Switzerland,Very High,2017,13.10336150,CHE_2017
CHE,Switzerland,Very High,2015,13.08527255,CHE_2015
LTU,Lithuania,Very High,2019,13.07721000,LTU_2019
EST,Estonia,Very High,2016,13.06640574,EST_2016
EST,Estonia,Very High,2018,13.06363996,EST_2018
CHE,Switzerland,Very High,2016,13.04067411,CHE_2016
ISR,Israel,Very High,2019,13.03485410,ISR_2019
LVA,Latvia,Very High,2018,13.03085000,LVA_2018
LVA,Latvia,Very High,2019,13.03085000,LVA_2019
EST,Estonia,Very High,2017,13.02903940,EST_2017
LVA,Latvia,Very High,2017,12.97350000,LVA_2017
LTU,Lithuania,Very High,2017,12.96103366,LTU_2017
LTU,Lithuania,Very High,2018,12.96103366,LTU_2018
ISR,Israel,Very High,2016,12.95921504,ISR_2016
ISR,Israel,Very High,2017,12.95921504,ISR_2017
ISR,Israel,Very High,2018,12.95921504,ISR_2018
GBR,United Kingdom,Very High,2018,12.95067000,GBR_2018
LVA,Latvia,Very High,2016,12.94183000,LVA_2016
EST,Estonia,Very High,2015,12.94000000,EST_2015
ISR,Israel,Very High,2015,12.91577000,ISR_2015
NOR,Norway,Very High,2019,12.89775000,NOR_2019
GBR,United Kingdom,Very High,2016,12.88865306,GBR_2016
GBR,United Kingdom,Very High,2017,12.88865306,GBR_2017
LTU,Lithuania,Very High,2016,12.87080980,LTU_2016
JPN,Japan,Very High,2019,12.85000000,JPN_2019
NOR,Norway,Very High,2018,12.84797000,NOR_2018
FIN,Finland,Very High,2018,12.82413000,FIN_2018
FIN,Finland,Very High,2019,12.82413000,FIN_2019
GEO,Georgia,Very High,2016,12.81457000,GEO_2016
GEO,Georgia,Very High,2017,12.81457000,GEO_2017
GEO,Georgia,Very High,2018,12.81457000,GEO_2018
JPN,Japan,Very High,2018,12.80000000,JPN_2018
GBR,United Kingdom,Very High,2015,12.79023577,GBR_2015
PLW,Palau,Very High,2015,12.78500000,PLW_2015
NOR,Norway,Very High,2017,12.78349000,NOR_2017
NZL,New Zealand,Very High,2019,12.78207732,NZL_2019
ISL,Iceland,Very High,2019,12.77278684,ISL_2019
FIN,Finland,Very High,2017,12.76906500,FIN_2017
LVA,Latvia,Very High,2015,12.76117899,LVA_2015
LTU,Lithuania,Very High,2015,12.75725130,LTU_2015
JPN,Japan,Very High,2017,12.75000000,JPN_2017
AUS,Australia,Very High,2019,12.72469119,AUS_2019
CZE,Czechia,Very High,2019,12.72238228,CZE_2019
GEO,Georgia,Very High,2015,12.71645500,GEO_2015
FIN,Finland,Very High,2016,12.71400000,FIN_2016
CZE,Czechia,Very High,2018,12.71032672,CZE_2018
JPN,Japan,Very High,2016,12.70000000,JPN_2016
SVK,Slovakia,Very High,2019,12.69315651,SVK_2019
PLW,Palau,Very High,2016,12.68720000,PLW_2016
AUS,Australia,Very High,2017,12.68304986,AUS_2017
AUS,Australia,Very High,2018,12.68304986,AUS_2018
FIN,Finland,Very High,2015,12.67839000,FIN_2015
NZL,New Zealand,Very High,2017,12.67816600,NZL_2017
NZL,New Zealand,Very High,2018,12.67816600,NZL_2018
CZE,Czechia,Very High,2015,12.67711790,CZE_2015
IRL,Ireland,Very High,2019,12.66633050,IRL_2019
CZE,Czechia,Very High,2017,12.66092407,CZE_2017
SVN,Slovenia,Very High,2019,12.65874000,SVN_2019
DNK,Denmark,Very High,2018,12.64230380,DNK_2018
SVK,Slovakia,Very High,2018,12.63874745,SVK_2018
CZE,Czechia,Very High,2016,12.62032150,CZE_2016
DNK,Denmark,Very High,2019,12.61380326,DNK_2019
SVK,Slovakia,Very High,2017,12.60562251,SVK_2017
PLW,Palau,Very High,2017,12.58930000,PLW_2017
AUS,Australia,Very High,2016,12.58024488,AUS_2016
DNK,Denmark,Very High,2017,12.57713469,DNK_2017
NOR,Norway,Very High,2016,12.56681764,NOR_2016
NZL,New Zealand,Very High,2016,12.56248673,NZL_2016
AUT,Austria,Very High,2015,12.56071355,AUT_2015
AUT,Austria,Very High,2016,12.55851074,AUT_2016
AUT,Austria,Very High,2017,12.55851074,AUT_2017
AUT,Austria,Very High,2018,12.55851074,AUT_2018
SVK,Slovakia,Very High,2016,12.55155945,SVK_2016
SWE,Sweden,Very High,2019,12.54847000,SWE_2019
LIE,Liechtenstein,Very High,2016,12.54845788,LIE_2016
LIE,Liechtenstein,Very High,2017,12.54845788,LIE_2017
LIE,Liechtenstein,Very High,2018,12.54845788,LIE_2018
AUT,Austria,Very High,2019,12.54614360,AUT_2019
LIE,Liechtenstein,Very High,2019,12.53854000,LIE_2019
ISL,Iceland,Very High,2018,12.53666119,ISL_2018
AUS,Australia,Very High,2015,12.53197669,AUS_2015
DNK,Denmark,Very High,2015,12.53135739,DNK_2015
IRL,Ireland,Very High,2016,12.53100000,IRL_2016
IRL,Ireland,Very High,2017,12.52629458,IRL_2017
IRL,Ireland,Very High,2018,12.52629458,IRL_2018
NOR,Norway,Very High,2015,12.52521070,NOR_2015
DNK,Denmark,Very High,2016,12.52222368,DNK_2016
PLW,Palau,Very High,2018,12.49143000,PLW_2018
PLW,Palau,Very High,2019,12.49143000,PLW_2019
POL,Poland,Very High,2019,12.47232000,POL_2019
SVN,Slovenia,Very High,2018,12.46605955,SVN_2018
JPN,Japan,Very High,2015,12.46400000,JPN_2015
SVK,Slovakia,Very High,2015,12.45251025,SVK_2015
SWE,Sweden,Very High,2016,12.42604923,SWE_2016
SWE,Sweden,Very High,2017,12.42604923,SWE_2017
SWE,Sweden,Very High,2018,12.42604923,SWE_2018
NZL,New Zealand,Very High,2015,12.42233065,NZL_2015
NLD,Netherlands,Very High,2019,12.41480000,NLD_2019
SWE,Sweden,Very High,2015,12.36667344,SWE_2015
ISL,Iceland,Very High,2016,12.36377637,ISL_2016
ISL,Iceland,Very High,2017,12.36377637,ISL_2017
LIE,Liechtenstein,Very High,2015,12.35198793,LIE_2015
NLD,Netherlands,Very High,2018,12.34572500,NLD_2018
IRL,Ireland,Very High,2015,12.31397813,IRL_2015
LUX,Luxembourg,Very High,2019,12.31145000,LUX_2019
BLR,Belarus,Very High,2018,12.30584324,BLR_2018
BLR,Belarus,Very High,2019,12.30584324,BLR_2019
POL,Poland,Very High,2017,12.29398111,POL_2017
POL,Poland,Very High,2018,12.29398111,POL_2018
HKG,"Hong Kong, China (SAR)",Very High,2018,12.27996000,HKG_2018
HKG,"Hong Kong, China (SAR)",Very High,2019,12.27996000,HKG_2019
NLD,Netherlands,Very High,2017,12.27665000,NLD_2017
POL,Poland,Very High,2016,12.27343090,POL_2016
SVN,Slovenia,Very High,2017,12.27337909,SVN_2017
BLR,Belarus,Very High,2016,12.26380000,BLR_2016
BLR,Belarus,Very High,2017,12.26380000,BLR_2017
NLD,Netherlands,Very High,2016,12.22524000,NLD_2016
KOR,Korea (Republic of),Very High,2018,12.21376462,KOR_2018
KOR,Korea (Republic of),Very High,2019,12.21376462,KOR_2019
POL,Poland,Very High,2015,12.20197620,POL_2015
LUX,Luxembourg,Very High,2017,12.19580174,LUX_2017
LUX,Luxembourg,Very High,2018,12.19580174,LUX_2018
BLR,Belarus,Very High,2015,12.19205250,BLR_2015
ISL,Iceland,Very High,2015,12.19089155,ISL_2015
KOR,Korea (Republic of),Very High,2017,12.18500103,KOR_2017
NLD,Netherlands,Very High,2015,12.18221000,NLD_2015
HKG,"Hong Kong, China (SAR)",Very High,2017,12.17378000,HKG_2017
RUS,Russian Federation,Very High,2018,12.17244258,RUS_2018
RUS,Russian Federation,Very High,2019,12.17244258,RUS_2019
CYP,Cyprus,Very High,2018,12.17123000,CYP_2018
CYP,Cyprus,Very High,2019,12.17123000,CYP_2019
KOR,Korea (Republic of),Very High,2016,12.16495115,KOR_2016
,Very high human development,,2019,12.15191294,_2019
KOR,Korea (Republic of),Very High,2015,12.11633277,KOR_2015
ARE,United Arab Emirates,Very High,2017,12.11122000,ARE_2017
ARE,United Arab Emirates,Very High,2018,12.11122000,ARE_2018
ARE,United Arab Emirates,Very High,2019,12.11122000,ARE_2019
CYP,Cyprus,Very High,2016,12.10394114,CYP_2016
CYP,Cyprus,Very High,2017,12.10394114,CYP_2017
,Very high human development,,2018,12.10222521,_2018
LUX,Luxembourg,Very High,2016,12.08015348,LUX_2016
HKG,"Hong Kong, China (SAR)",Very High,2016,12.06760000,HKG_2016
,Very high human development,,2017,12.06210018,_2017
BEL,Belgium,Very High,2019,12.05027000,BEL_2019
SVN,Slovenia,Very High,2016,12.02874000,SVN_2016
RUS,Russian Federation,Very High,2017,12.01999000,RUS_2017
BEL,Belgium,Very High,2017,12.01187000,BEL_2017
BEL,Belgium,Very High,2018,12.01187000,BEL_2018
,Very high human development,,2016,11.98479904,_2016
HUN,Hungary,Very High,2019,11.96329000,HUN_2019
LUX,Luxembourg,Very High,2015,11.95083323,LUX_2015
,Very high human development,,2015,11.91938279,_2015
SVN,Slovenia,Very High,2015,11.90761223,SVN_2015
HKG,"Hong Kong, China (SAR)",Very High,2015,11.89950000,HKG_2015
KAZ,Kazakhstan,Very High,2019,11.89490000,KAZ_2019
HUN,Hungary,Very High,2017,11.88941481,HUN_2017
HUN,Hungary,Very High,2018,11.88941481,HUN_2018
CYP,Cyprus,Very High,2015,11.88618506,CYP_2015
HUN,Hungary,Very High,2015,11.84778798,HUN_2015
HUN,Hungary,Very High,2016,11.84778798,HUN_2016
RUS,Russian Federation,Very High,2016,11.84006269,RUS_2016
UZB,Uzbekistan,High,2019,11.80720000,UZB_2019
RUS,Russian Federation,Very High,2015,11.79596563,RUS_2015
CUB,Cuba,High,2019,11.79078080,CUB_2019
KAZ,Kazakhstan,Very High,2018,11.78400000,KAZ_2018
BEL,Belgium,Very High,2016,11.78389183,BEL_2016
KAZ,Kazakhstan,Very High,2017,11.76200000,KAZ_2017
UZB,Uzbekistan,High,2018,11.75646000,UZB_2018
CUB,Cuba,High,2017,11.75078080,CUB_2017
CUB,Cuba,High,2018,11.75078080,CUB_2018
KAZ,Kazakhstan,Very High,2016,11.74000000,KAZ_2016
MDA,Moldova (Republic of),High,2019,11.70817000,MDA_2019
UZB,Uzbekistan,High,2017,11.70572000,UZB_2017
ARM,Armenia,High,2015,11.69998000,ARM_2015
BEL,Belgium,Very High,2015,11.68955901,BEL_2015
KAZ,Kazakhstan,Very High,2015,11.67600000,KAZ_2015
SGP,Singapore,Very High,2016,11.64641000,SGP_2016
SGP,Singapore,Very High,2015,11.62752000,SGP_2015
SGP,Singapore,Very High,2018,11.62461000,SGP_2018
SGP,Singapore,Very High,2019,11.62461000,SGP_2019
MNE,Montenegro,Very High,2019,11.58926489,MNE_2019
MDA,Moldova (Republic of),High,2015,11.57737000,MDA_2015
CUB,Cuba,High,2016,11.56872782,CUB_2016
MDA,Moldova (Republic of),High,2016,11.56275474,MDA_2016
MDA,Moldova (Republic of),High,2017,11.56275474,MDA_2017
MDA,Moldova (Republic of),High,2018,11.56275474,MDA_2018
MNE,Montenegro,Very High,2018,11.52176593,MNE_2018
FRA,France,Very High,2015,11.51082034,FRA_2015
ARM,Armenia,High,2016,11.50086000,ARM_2016
FRA,France,Very High,2019,11.47950000,FRA_2019
MNE,Montenegro,Very High,2017,11.45426697,MNE_2017
HRV,Croatia,Very High,2019,11.44932000,HRV_2019
BHS,Bahamas,Very High,2019,11.43692000,BHS_2019
UKR,Ukraine,High,2015,11.43075152,UKR_2015
UKR,Ukraine,High,2016,11.42243824,UKR_2016
FRA,France,Very High,2017,11.41703591,FRA_2017
FRA,France,Very High,2018,11.41703591,FRA_2018
UKR,Ukraine,High,2017,11.41412497,UKR_2017
BHS,Bahamas,Very High,2018,11.41215667,BHS_2018
UKR,Ukraine,High,2018,11.40581170,UKR_2018
HRV,Croatia,Very High,2017,11.40518282,HRV_2017
HRV,Croatia,Very High,2018,11.40518282,HRV_2018
SGP,Singapore,Very High,2017,11.39785000,SGP_2017
UKR,Ukraine,High,2019,11.39749842,UKR_2019
UZB,Uzbekistan,High,2016,11.38843000,UZB_2016
BHS,Bahamas,Very High,2017,11.38739333,BHS_2017
MNE,Montenegro,Very High,2016,11.38676801,MNE_2016
CUB,Cuba,High,2015,11.38667483,CUB_2015
UZB,Uzbekistan,High,2015,11.37418000,UZB_2015
BHS,Bahamas,Very High,2016,11.36263000,BHS_2016
HRV,Croatia,Very High,2016,11.36121579,HRV_2016
BGR,Bulgaria,Very High,2017,11.36009000,BGR_2017
BGR,Bulgaria,Very High,2018,11.36009000,BGR_2018
BGR,Bulgaria,Very High,2019,11.36009000,BGR_2019
FRA,France,Very High,2016,11.35086000,FRA_2016
MNE,Montenegro,Very High,2015,11.32641412,MNE_2015
MLT,Malta,Very High,2019,11.32613000,MLT_2019
BGR,Bulgaria,Very High,2016,11.32017000,BGR_2016
HRV,Croatia,Very High,2015,11.31741825,HRV_2015
ARM,Armenia,High,2017,11.30174000,ARM_2017
ARM,Armenia,High,2018,11.30174000,ARM_2018
ARM,Armenia,High,2019,11.30174000,ARM_2019
BHS,Bahamas,Very High,2015,11.29194714,BHS_2015
MLT,Malta,Very High,2017,11.28811066,MLT_2017
MLT,Malta,Very High,2018,11.28811066,MLT_2018
MLT,Malta,Very High,2016,11.28811000,MLT_2016
BGR,Bulgaria,Very High,2015,11.27833000,BGR_2015
TON,Tonga,High,2019,11.24000000,TON_2019
MLT,Malta,Very High,2015,11.21442263,MLT_2015
TON,Tonga,High,2018,11.21000000,TON_2018
SRB,Serbia,Very High,2019,11.19411000,SRB_2019
SRB,Serbia,Very High,2018,11.18071012,SRB_2018
TON,Tonga,High,2017,11.18000000,TON_2017
TON,Tonga,High,2015,11.15000000,TON_2015
TON,Tonga,High,2016,11.15000000,TON_2016
SRB,Serbia,Very High,2017,11.13745000,SRB_2017
SRB,Serbia,Very High,2016,11.12720475,SRB_2016
KGZ,Kyrgyzstan,Medium,2019,11.10481377,KGZ_2019
ROU,Romania,Very High,2019,11.07080000,ROU_2019
TTO,Trinidad and Tobago,High,2019,11.03400000,TTO_2019
TTO,Trinidad and Tobago,High,2017,11.02594007,TTO_2017
TTO,Trinidad and Tobago,High,2018,11.02594007,TTO_2018
SRB,Serbia,Very High,2015,11.01303853,SRB_2015
TTO,Trinidad and Tobago,High,2016,10.98748388,TTO_2016
ROU,Romania,Very High,2018,10.97836000,ROU_2018
ROU,Romania,Very High,2016,10.97835640,ROU_2016
ROU,Romania,Very High,2017,10.97835640,ROU_2017
TTO,Trinidad and Tobago,High,2015,10.94916181,TTO_2015
ARG,Argentina,Very High,2019,10.94060102,ARG_2019
ARE,United Arab Emirates,Very High,2016,10.92346000,ARE_2016
LKA,Sri Lanka,High,2015,10.91508197,LKA_2015
FJI,Fiji,High,2019,10.90163000,FJI_2019
MHL,Marshall Islands,High,2017,10.88567860,MHL_2017
MHL,Marshall Islands,High,2018,10.88567860,MHL_2018
MHL,Marshall Islands,High,2019,10.88567860,MHL_2019
FJI,Fiji,High,2018,10.88400000,FJI_2018
ROU,Romania,Very High,2015,10.88301485,ROU_2015
KGZ,Kyrgyzstan,Medium,2018,10.88040163,KGZ_2018
KGZ,Kyrgyzstan,Medium,2017,10.87468413,KGZ_2017
KGZ,Kyrgyzstan,Medium,2016,10.86896663,KGZ_2016
MHL,Marshall Islands,High,2016,10.86395070,MHL_2016
KGZ,Kyrgyzstan,Medium,2015,10.86324913,KGZ_2015
MHL,Marshall Islands,High,2015,10.84226617,MHL_2015
FJI,Fiji,High,2017,10.83700000,FJI_2017
FJI,Fiji,High,2015,10.79000000,FJI_2015
FJI,Fiji,High,2016,10.79000000,FJI_2016
WSM,Samoa,High,2019,10.77921000,WSM_2019
TJK,Tajikistan,Medium,2019,10.73370000,TJK_2019
TJK,Tajikistan,Medium,2018,10.67072000,TJK_2018
ARE,United Arab Emirates,Very High,2015,10.64821635,ARE_2015
BRB,Barbados,Very High,2019,10.64244442,BRB_2019
LKA,Sri Lanka,High,2018,10.63257000,LKA_2018
LKA,Sri Lanka,High,2019,10.63257000,LKA_2019
TJK,Tajikistan,Medium,2017,10.60774000,TJK_2017
GRC,Greece,Very High,2015,10.60374533,GRC_2015
WSM,Samoa,High,2016,10.59494988,WSM_2016
WSM,Samoa,High,2017,10.59494988,WSM_2017
WSM,Samoa,High,2018,10.59494988,WSM_2018
AND,Andorra,Very High,2015,10.59014000,AND_2015
AND,Andorra,Very High,2016,10.59014000,AND_2016
AZE,Azerbaijan,High,2017,10.58628000,AZE_2017
CHL,Chile,Very High,2019,10.58295000,CHL_2019
AZE,Azerbaijan,High,2018,10.57543000,AZE_2018
AZE,Azerbaijan,High,2019,10.57543000,AZE_2019
WSM,Samoa,High,2015,10.57394856,WSM_2015
LKA,Sri Lanka,High,2017,10.56993000,LKA_2017
ARG,Argentina,Very High,2017,10.56496472,ARG_2017
ARG,Argentina,Very High,2018,10.56496472,ARG_2018
BRB,Barbados,Very High,2016,10.55690000,BRB_2016
BRB,Barbados,Very High,2017,10.55690000,BRB_2017
BRB,Barbados,Very High,2018,10.55690000,BRB_2018
GRC,Greece,Very High,2019,10.55207000,GRC_2019
TJK,Tajikistan,Medium,2016,10.54476000,TJK_2016
GRC,Greece,Very High,2017,10.53957898,GRC_2017
GRC,Greece,Very High,2018,10.53957898,GRC_2018
BRB,Barbados,Very High,2015,10.53190904,BRB_2015
AND,Andorra,Very High,2017,10.51871000,AND_2017
JOR,Jordan,High,2019,10.51800000,JOR_2019
AZE,Azerbaijan,High,2015,10.50663000,AZE_2015
AZE,Azerbaijan,High,2016,10.50663000,AZE_2016
ARG,Argentina,Very High,2016,10.50514288,ARG_2016
AND,Andorra,Very High,2018,10.50176000,AND_2018
AND,Andorra,Very High,2019,10.50176000,AND_2019
TJK,Tajikistan,Medium,2015,10.50000000,TJK_2015
LKA,Sri Lanka,High,2016,10.49987000,LKA_2016
JOR,Jordan,High,2018,10.45200000,JOR_2018
CHL,Chile,Very High,2017,10.44698550,CHL_2017
CHL,Chile,Very High,2018,10.44698550,CHL_2018
ARG,Argentina,Very High,2015,10.44565977,ARG_2015
JOR,Jordan,High,2016,10.38600000,JOR_2016
JOR,Jordan,High,2017,10.38600000,JOR_2017
ITA,Italy,Very High,2019,10.37955000,ITA_2019
MYS,Malaysia,Very High,2019,10.37283000,MYS_2019
,Europe and Central Asia,,2019,10.36346100,_2019
IRN,Iran (Islamic Republic of),High,2019,10.34749000,IRN_2019
CHL,Chile,Very High,2016,10.34354865,CHL_2016
,Europe and Central Asia,,2018,10.34328981,_2018
VEN,Venezuela (Bolivarian Republic of),High,2016,10.32342591,VEN_2016
VEN,Venezuela (Bolivarian Republic of),High,2017,10.32342591,VEN_2017
JOR,Jordan,High,2015,10.32000000,JOR_2015
ITA,Italy,Very High,2018,10.31232000,ITA_2018
VEN,Venezuela (Bolivarian Republic of),High,2018,10.30728000,VEN_2018
VEN,Venezuela (Bolivarian Republic of),High,2019,10.30728000,VEN_2019
,Europe and Central Asia,,2017,10.28625265,_2017
TKM,Turkmenistan,High,2018,10.27379667,TKM_2018
TKM,Turkmenistan,High,2019,10.27379667,TKM_2019
GRC,Greece,Very High,2016,10.26410000,GRC_2016
ESP,Spain,Very High,2018,10.25178000,ESP_2018
ESP,Spain,Very High,2019,10.25178000,ESP_2019
MNG,Mongolia,High,2019,10.25127250,MNG_2019
ITA,Italy,Very High,2017,10.24509000,ITA_2017
ZAF,South Africa,High,2018,10.24064634,ZAF_2018
ZAF,South Africa,High,2019,10.24064634,ZAF_2019
PAN,Panama,Very High,2019,10.24000000,PAN_2019
SAU,Saudi Arabia,Very High,2018,10.22517000,SAU_2018
SAU,Saudi Arabia,Very High,2019,10.22517000,SAU_2019
,Europe and Central Asia,,2016,10.20498316,_2016
CHL,Chile,Very High,2015,10.19916501,CHL_2015
ITA,Italy,Very High,2016,10.18911000,ITA_2016
ESP,Spain,Very High,2017,10.18381000,ESP_2017
MNG,Mongolia,High,2018,10.17198276,MNG_2018
PAN,Panama,Very High,2017,10.17000000,PAN_2017
PAN,Panama,Very High,2018,10.17000000,PAN_2018
MYS,Malaysia,Very High,2016,10.15999793,MYS_2016
MYS,Malaysia,Very High,2017,10.15999793,MYS_2017
MYS,Malaysia,Very High,2018,10.15999793,MYS_2018
MNG,Mongolia,High,2017,10.15540700,MNG_2017
ZAF,South Africa,High,2016,10.15481000,ZAF_2016
ZAF,South Africa,High,2017,10.15481000,ZAF_2017
MYS,Malaysia,Very High,2015,10.15175994,MYS_2015
IRN,Iran (Islamic Republic of),High,2018,10.14976000,IRN_2018
ALB,Albania,High,2019,10.14573000,ALB_2019
,Europe and Central Asia,,2015,10.13928896,_2015
ZAF,South Africa,High,2015,10.13415000,ZAF_2015
ESP,Spain,Very High,2016,10.11584000,ESP_2016
MNG,Mongolia,High,2016,10.11131487,MNG_2016
SAU,Saudi Arabia,Very High,2017,10.08473000,SAU_2017
ITA,Italy,Very High,2015,10.08141436,ITA_2015
VEN,Venezuela (Bolivarian Republic of),High,2015,10.07703000,VEN_2015
ALB,Albania,High,2017,10.05461840,ALB_2017
ALB,Albania,High,2018,10.05461840,ALB_2018
MNG,Mongolia,High,2015,10.05100882,MNG_2015
PAN,Panama,Very High,2016,10.03000000,PAN_2016
ALB,Albania,High,2015,10.02511000,ALB_2015
ALB,Albania,High,2016,10.02511000,ALB_2016
IRN,Iran (Islamic Republic of),High,2016,10.01153929,IRN_2016
IRN,Iran (Islamic Republic of),High,2017,10.01153929,IRN_2017
SYC,Seychelles,High,2019,9.99204500,SYC_2019
ESP,Spain,Very High,2015,9.97406000,ESP_2015
SAU,Saudi Arabia,Very High,2016,9.94429000,SAU_2016
IRN,Iran (Islamic Republic of),High,2015,9.92585719,IRN_2015
BLZ,Belize,High,2019,9.92173188,BLZ_2019
SYC,Seychelles,High,2018,9.88512593,SYC_2018
PAN,Panama,Very High,2015,9.85400000,PAN_2015
BIH,Bosnia and Herzegovina,High,2018,9.81787000,BIH_2018
BIH,Bosnia and Herzegovina,High,2019,9.81787000,BIH_2019
MKD,North Macedonia,High,2019,9.81271500,MKD_2019
SAU,Saudi Arabia,Very High,2015,9.80385000,SAU_2015
JAM,Jamaica,High,2017,9.79691268,JAM_2017
TKM,Turkmenistan,High,2015,9.79636167,TKM_2015
BLZ,Belize,High,2017,9.79583579,BLZ_2017
BLZ,Belize,High,2018,9.79583579,BLZ_2018
SYC,Seychelles,High,2017,9.78562741,SYC_2017
TKM,Turkmenistan,High,2016,9.78000000,TKM_2016
TKM,Turkmenistan,High,2017,9.78000000,TKM_2017
JAM,Jamaica,High,2018,9.76498134,JAM_2018
BIH,Bosnia and Herzegovina,High,2017,9.76128500,BIH_2017
MKD,North Macedonia,High,2018,9.74085894,MKD_2018
QAT,Qatar,Very High,2015,9.73675004,QAT_2015
JAM,Jamaica,High,2019,9.73305000,JAM_2019
OMN,Oman,Very High,2017,9.73184591,OMN_2017
OMN,Oman,Very High,2018,9.73184591,OMN_2018
OMN,Oman,Very High,2019,9.73184591,OMN_2019
QAT,Qatar,Very High,2019,9.73144000,QAT_2019
BIH,Bosnia and Herzegovina,High,2016,9.70470000,BIH_2016
PER,Peru,High,2018,9.69633000,PER_2018
PER,Peru,High,2019,9.69633000,PER_2019
SYC,Seychelles,High,2016,9.68612889,SYC_2016
MKD,North Macedonia,High,2017,9.68011653,MKD_2017
BLZ,Belize,High,2016,9.67153720,BLZ_2016
QAT,Qatar,Very High,2016,9.66734000,QAT_2016
QAT,Qatar,Very High,2017,9.66734000,QAT_2017
QAT,Qatar,Very High,2018,9.66734000,QAT_2018
JAM,Jamaica,High,2016,9.65213072,JAM_2016
OMN,Oman,Very High,2016,9.63892663,OMN_2016
MKD,North Macedonia,High,2016,9.63195675,MKD_2016
SYC,Seychelles,High,2015,9.62468285,SYC_2015
BWA,Botswana,High,2019,9.56000000,BWA_2019
MKD,North Macedonia,High,2015,9.55740540,MKD_2015
BLZ,Belize,High,2015,9.54881582,BLZ_2015
OMN,Oman,Very High,2015,9.54600734,OMN_2015
MUS,Mauritius,Very High,2019,9.54000000,MUS_2019
PER,Peru,High,2017,9.53644750,PER_2017
BHR,Bahrain,Very High,2019,9.51920000,BHR_2019
JAM,Jamaica,High,2015,9.50948839,JAM_2015
MUS,Mauritius,Very High,2018,9.43000000,MUS_2018
BHR,Bahrain,Very High,2016,9.41183298,BHR_2016
BHR,Bahrain,Very High,2017,9.41183298,BHR_2017
BHR,Bahrain,Very High,2018,9.41183298,BHR_2018
BWA,Botswana,High,2018,9.40332024,BWA_2018
PHL,Philippines,High,2018,9.39309140,PHL_2018
PHL,Philippines,High,2019,9.39309140,PHL_2019
PER,Peru,High,2016,9.37656500,PER_2016
PHL,Philippines,High,2017,9.35998070,PHL_2017
BWA,Botswana,High,2017,9.33000000,BWA_2017
PHL,Philippines,High,2016,9.32687000,PHL_2016
BHR,Bahrain,Very High,2015,9.32011905,BHR_2015
MUS,Mauritius,Very High,2016,9.32000000,MUS_2016
MUS,Mauritius,Very High,2017,9.32000000,MUS_2017
PHL,Philippines,High,2015,9.29590857,PHL_2015
ATG,Antigua and Barbuda,High,2018,9.29374075,ATG_2018
ATG,Antigua and Barbuda,High,2019,9.29374075,ATG_2019
PRT,Portugal,Very High,2019,9.26347000,PRT_2019
ATG,Antigua and Barbuda,High,2017,9.26309381,ATG_2017
SUR,Suriname,High,2019,9.26138700,SUR_2019
BWA,Botswana,High,2016,9.25333333,BWA_2016
PRT,Portugal,Very High,2018,9.24068000,PRT_2018
BWA,Botswana,High,2015,9.23363179,BWA_2015
ATG,Antigua and Barbuda,High,2016,9.21700877,ATG_2016
PRT,Portugal,Very High,2017,9.19095867,PRT_2017
ATG,Antigua and Barbuda,High,2015,9.17115300,ATG_2015
PSE,"Palestine, State of",High,2019,9.16551000,PSE_2019
BRN,Brunei Darussalam,Very High,2019,9.14000000,BRN_2019
SUR,Suriname,High,2017,9.12536713,SUR_2017
SUR,Suriname,High,2018,9.12536713,SUR_2018
PER,Peru,High,2015,9.11526257,PER_2015
PRT,Portugal,Very High,2016,9.11153000,PRT_2016
PSE,"Palestine, State of",High,2016,9.10464138,PSE_2016
PSE,"Palestine, State of",High,2017,9.10464138,PSE_2017
PSE,"Palestine, State of",High,2018,9.10464138,PSE_2018
BRN,Brunei Darussalam,Very High,2018,9.10000000,BRN_2018
MUS,Mauritius,Very High,2015,9.09400000,MUS_2015
SUR,Suriname,High,2016,9.06903771,SUR_2016
PRT,Portugal,Very High,2015,9.06046802,PRT_2015
BRN,Brunei Darussalam,Very High,2016,9.06000000,BRN_2016
BRN,Brunei Darussalam,Very High,2017,9.06000000,BRN_2017
GRD,Grenada,High,2019,9.03210400,GRD_2019
PSE,"Palestine, State of",High,2015,9.02188846,PSE_2015
BRN,Brunei Darussalam,Very High,2015,9.02000000,BRN_2015
BOL,Bolivia (Plurinational State of),High,2018,9.01754084,BOL_2018
BOL,Bolivia (Plurinational State of),High,2019,9.01754084,BOL_2019
SUR,Suriname,High,2015,9.01270828,SUR_2015
BIH,Bosnia and Herzegovina,High,2015,9.00841000,BIH_2015
URY,Uruguay,Very High,2019,8.92573000,URY_2019
BOL,Bolivia (Plurinational State of),High,2017,8.91507000,BOL_2017
ECU,Ecuador,High,2019,8.90716949,ECU_2019
URY,Uruguay,Very High,2018,8.84796000,URY_2018
ECU,Ecuador,High,2018,8.83306145,ECU_2018
GRD,Grenada,High,2018,8.80000000,GRD_2018
VCT,Saint Vincent and the Grenadines,High,2019,8.78464800,VCT_2019
BOL,Bolivia (Plurinational State of),High,2016,8.76073400,BOL_2016
ECU,Ecuador,High,2017,8.75957000,ECU_2017
MEX,Mexico,High,2019,8.75461000,MEX_2019
CRI,Costa Rica,Very High,2019,8.74194000,CRI_2019
URY,Uruguay,Very High,2017,8.72871688,URY_2017
,Latin America and the Caribbean,,2019,8.72418921,_2019
URY,Uruguay,Very High,2016,8.71883158,URY_2016
LBN,Lebanon,High,2019,8.71863600,LBN_2019
LBN,Lebanon,High,2017,8.70000000,LBN_2017
LBN,Lebanon,High,2018,8.70000000,LBN_2018
GAB,Gabon,High,2019,8.69800000,GAB_2019
ECU,Ecuador,High,2015,8.69580000,ECU_2015
ECU,Ecuador,High,2016,8.68669000,ECU_2016
URY,Uruguay,Very High,2015,8.68425891,URY_2015
BOL,Bolivia (Plurinational State of),High,2015,8.68271000,BOL_2015
GRD,Grenada,High,2015,8.67565982,GRD_2015
GRD,Grenada,High,2016,8.67565982,GRD_2016
GRD,Grenada,High,2017,8.67565982,GRD_2017
CRI,Costa Rica,Very High,2017,8.66718370,CRI_2017
CRI,Costa Rica,Very High,2018,8.66718370,CRI_2018
KNA,Saint Kitts and Nevis,High,2019,8.66274500,KNA_2019
VCT,Saint Vincent and the Grenadines,High,2018,8.65962044,VCT_2018
VCT,Saint Vincent and the Grenadines,High,2017,8.61653775,VCT_2017
MEX,Mexico,High,2018,8.61157000,MEX_2018
LBN,Lebanon,High,2016,8.60545245,LBN_2016
CRI,Costa Rica,Very High,2015,8.60250000,CRI_2015
MEX,Mexico,High,2015,8.60164777,MEX_2015
MEX,Mexico,High,2017,8.60085000,MEX_2017
MEX,Mexico,High,2016,8.59990063,MEX_2016
,Latin America and the Caribbean,,2018,8.59630099,_2018
,Latin America and the Caribbean,,2017,8.58396120,_2017
CRI,Costa Rica,Very High,2016,8.58137000,CRI_2016
VCT,Saint Vincent and the Grenadines,High,2016,8.57366940,VCT_2016
PRY,Paraguay,High,2019,8.53508000,PRY_2019
,World,,2019,8.53274373,_2019
VCT,Saint Vincent and the Grenadines,High,2015,8.53101433,VCT_2015
PRY,Paraguay,High,2015,8.52529207,PRY_2015
LCA,Saint Lucia,High,2019,8.50847073,LCA_2019
,Latin America and the Caribbean,,2016,8.50386749,_2016
KNA,Saint Kitts and Nevis,High,2018,8.50000000,KNA_2018
LCA,Saint Lucia,High,2018,8.49148776,LCA_2018
LBN,Lebanon,High,2015,8.49075766,LBN_2015
GUY,Guyana,Medium,2018,8.48978131,GUY_2018
GUY,Guyana,Medium,2019,8.48978131,GUY_2019
LCA,Saint Lucia,High,2017,8.47453868,LCA_2017
COL,Colombia,High,2019,8.46873000,COL_2019
ZWE,Zimbabwe,Medium,2019,8.46680000,ZWE_2019
GUY,Guyana,Medium,2017,8.46676505,GUY_2017
,World,,2018,8.45892767,_2018
LCA,Saint Lucia,High,2016,8.45762343,LCA_2016
PRY,Paraguay,High,2017,8.45043913,PRY_2017
PRY,Paraguay,High,2018,8.45043913,PRY_2018
GUY,Guyana,Medium,2016,8.44381119,GUY_2016
LCA,Saint Lucia,High,2015,8.44074195,LCA_2015
,World,,2017,8.43708205,_2017
,High human development,,2019,8.43037820,_2019
GUY,Guyana,Medium,2015,8.42091957,GUY_2015
GAB,Gabon,High,2018,8.41600000,GAB_2018
KNA,Saint Kitts and Nevis,High,2015,8.40000000,KNA_2015
KNA,Saint Kitts and Nevis,High,2016,8.40000000,KNA_2016
KNA,Saint Kitts and Nevis,High,2017,8.40000000,KNA_2017
,Latin America and the Caribbean,,2015,8.39739597,_2015
,World,,2016,8.38914488,_2016
ZWE,Zimbabwe,Medium,2018,8.37833333,ZWE_2018
PRY,Paraguay,High,2016,8.35144942,PRY_2016
ZWE,Zimbabwe,Medium,2017,8.34224570,ZWE_2017
COL,Colombia,High,2017,8.32658090,COL_2017
COL,Colombia,High,2018,8.32658090,COL_2018
,World,,2015,8.32168379,_2015
GAB,Gabon,High,2017,8.32006967,GAB_2017
VNM,Viet Nam,High,2019,8.32000000,VNM_2019
,High human development,,2018,8.29248546,_2018
ZWE,Zimbabwe,Medium,2016,8.29205420,ZWE_2016
COL,Colombia,High,2016,8.26870000,COL_2016
,High human development,,2017,8.24971000,_2017
,High human development,,2016,8.21630608,_2016
GAB,Gabon,High,2016,8.21329681,GAB_2016
ZWE,Zimbabwe,Medium,2015,8.20140000,ZWE_2015
VNM,Viet Nam,High,2017,8.20000000,VNM_2017
VNM,Viet Nam,High,2018,8.20000000,VNM_2018
IDN,Indonesia,High,2019,8.16668000,IDN_2019
DMA,Dominica,High,2019,8.14218600,DMA_2019
,High human development,,2015,8.13358531,_2015
DOM,Dominican Republic,High,2019,8.12372027,DOM_2019
GAB,Gabon,High,2015,8.10789419,GAB_2015
TUR,Turkey,Very High,2018,8.10682000,TUR_2018
TUR,Turkey,Very High,2019,8.10682000,TUR_2019
DMA,Dominica,High,2018,8.10076498,DMA_2018
,East Asia and the Pacific,,2019,8.07537918,_2019
COL,Colombia,High,2015,8.06327217,COL_2015
CHN,China,High,2019,8.06000000,CHN_2019
DMA,Dominica,High,2017,8.05934396,DMA_2017
VNM,Viet Nam,High,2016,8.05000000,VNM_2016
DMA,Dominica,High,2016,8.01792294,DMA_2016
VNM,Viet Nam,High,2015,7.98872182,VNM_2015
DZA,Algeria,High,2018,7.98654785,DZA_2018
DZA,Algeria,High,2019,7.98654785,DZA_2019
KIR,Kiribati,Medium,2019,7.98446182,KIR_2019
BRA,Brazil,High,2019,7.98130000,BRA_2019
IDN,Indonesia,High,2017,7.98039000,IDN_2017
DMA,Dominica,High,2015,7.97650192,DMA_2015
IDN,Indonesia,High,2018,7.97615265,IDN_2018
DZA,Algeria,High,2017,7.96656783,DZA_2017
TUR,Turkey,Very High,2017,7.96500000,TUR_2017
DZA,Algeria,High,2016,7.94663779,DZA_2016
THA,Thailand,High,2019,7.93910000,THA_2019
DOM,Dominican Republic,High,2017,7.93534600,DOM_2017
DOM,Dominican Republic,High,2018,7.93534600,DOM_2018
DZA,Algeria,High,2015,7.92670776,DZA_2015
,East Asia and the Pacific,,2018,7.92230054,_2018
IDN,Indonesia,High,2016,7.91868000,IDN_2016
IDN,Indonesia,High,2015,7.91448409,IDN_2015
CHN,China,High,2018,7.90000000,CHN_2018
DOM,Dominican Republic,High,2016,7.88018471,DOM_2016
,East Asia and the Pacific,,2017,7.87997828,_2017
KIR,Kiribati,Medium,2015,7.86552764,KIR_2015
KIR,Kiribati,Medium,2016,7.86552764,KIR_2016
KIR,Kiribati,Medium,2017,7.86552764,KIR_2017
KIR,Kiribati,Medium,2018,7.86552764,KIR_2018
,East Asia and the Pacific,,2016,7.85952737,_2016
CHN,China,High,2016,7.84800000,CHN_2016
CHN,China,High,2017,7.84800000,CHN_2017
BRA,Brazil,High,2017,7.84104675,BRA_2017
BRA,Brazil,High,2018,7.84104675,BRA_2018
DOM,Dominican Republic,High,2015,7.82540686,DOM_2015
FSM,Micronesia (Federated States of),Medium,2019,7.80495600,FSM_2019
TUR,Turkey,Very High,2016,7.80071000,TUR_2016
,East Asia and the Pacific,,2015,7.77542438,_2015
THA,Thailand,High,2018,7.77061415,THA_2018
CHN,China,High,2015,7.74200000,CHN_2015
THA,Thailand,High,2017,7.73140091,THA_2017
FSM,Micronesia (Federated States of),Medium,2017,7.71737522,FSM_2017
FSM,Micronesia (Federated States of),Medium,2018,7.71737522,FSM_2018
BRA,Brazil,High,2016,7.70738913,BRA_2016
FSM,Micronesia (Federated States of),Medium,2016,7.64096556,FSM_2016
TUR,Turkey,Very High,2015,7.63700000,TUR_2015
THA,Thailand,High,2015,7.61019500,THA_2015
THA,Thailand,High,2016,7.60061000,THA_2016
LBY,Libya,High,2019,7.59998500,LBY_2019
BRA,Brazil,High,2015,7.57600983,BRA_2015
FSM,Micronesia (Federated States of),Medium,2015,7.56531244,FSM_2015
LBY,Libya,High,2017,7.56000000,LBY_2017
LBY,Libya,High,2018,7.56000000,LBY_2018
EGY,Egypt,High,2019,7.43400000,EGY_2019
EGY,Egypt,High,2018,7.32600000,EGY_2018
IRQ,Iraq,Medium,2018,7.31600000,IRQ_2018
IRQ,Iraq,Medium,2019,7.31600000,IRQ_2019
LBY,Libya,High,2015,7.31000000,LBY_2015
LBY,Libya,High,2016,7.31000000,LBY_2016
GHA,Ghana,Medium,2019,7.30600000,GHA_2019
,Arab States,,2019,7.29000820,_2019
KWT,Kuwait,Very High,2017,7.27566800,KWT_2017
KWT,Kuwait,Very High,2018,7.27566800,KWT_2018
KWT,Kuwait,Very High,2019,7.27566800,KWT_2019
,Arab States,,2018,7.24388714,_2018
TUN,Tunisia,High,2019,7.22022000,TUN_2019
EGY,Egypt,High,2016,7.21800000,EGY_2016
EGY,Egypt,High,2017,7.21800000,EGY_2017
KWT,Kuwait,Very High,2016,7.20912936,KWT_2016
GHA,Ghana,Medium,2018,7.18400000,GHA_2018
TUN,Tunisia,High,2017,7.17225746,TUN_2017
TUN,Tunisia,High,2018,7.17225746,TUN_2018
,Arab States,,2017,7.16659218,_2017
ZMB,Zambia,Medium,2019,7.15201600,ZMB_2019
KWT,Kuwait,Very High,2015,7.14259072,KWT_2015
EGY,Egypt,High,2015,7.11000000,EGY_2015
ZMB,Zambia,Medium,2018,7.10417887,ZMB_2018
TUN,Tunisia,High,2016,7.09091049,TUN_2016
,Arab States,,2016,7.06745356,_2016
VUT,Vanuatu,Medium,2019,7.06484600,VUT_2019
GHA,Ghana,Medium,2016,7.06200000,GHA_2016
GHA,Ghana,Medium,2017,7.06200000,GHA_2017
ZMB,Zambia,Medium,2017,7.05613750,ZMB_2017
IRQ,Iraq,Medium,2017,7.04727056,IRQ_2017
MDV,Maldives,High,2019,7.02027800,MDV_2019
TUN,Tunisia,High,2015,7.01048616,TUN_2015
NAM,Namibia,Medium,2019,6.99000000,NAM_2019
ZMB,Zambia,Medium,2016,6.96025900,ZMB_2016
,Arab States,,2015,6.96022641,_2015
GHA,Ghana,Medium,2015,6.94000000,GHA_2015
NAM,Namibia,Medium,2018,6.94000000,NAM_2018
NIC,Nicaragua,Medium,2019,6.91200000,NIC_2019
SLV,El Salvador,Medium,2019,6.90726800,SLV_2019
IRQ,Iraq,Medium,2016,6.90687560,IRQ_2016
SLV,El Salvador,Medium,2018,6.89015900,SLV_2018
NAM,Namibia,Medium,2017,6.89000000,NAM_2017
SLV,El Salvador,Medium,2017,6.87305000,SLV_2017
ZMB,Zambia,Medium,2015,6.86438050,ZMB_2015
SWZ,Eswatini (Kingdom of),Medium,2018,6.85516108,SWZ_2018
SWZ,Eswatini (Kingdom of),Medium,2019,6.85516108,SWZ_2019
NAM,Namibia,Medium,2016,6.84000000,NAM_2016
VUT,Vanuatu,Medium,2018,6.84000000,VUT_2018
MDV,Maldives,High,2016,6.81800000,MDV_2016
MDV,Maldives,High,2017,6.81800000,MDV_2017
MDV,Maldives,High,2018,6.81800000,MDV_2018
NIC,Nicaragua,Medium,2017,6.79600000,NIC_2017
NIC,Nicaragua,Medium,2018,6.79600000,NIC_2018
VUT,Vanuatu,Medium,2015,6.79301333,VUT_2015
NAM,Namibia,Medium,2015,6.79000000,NAM_2015
IRQ,Iraq,Medium,2015,6.76949576,IRQ_2015
SLV,El Salvador,Medium,2016,6.76871000,SLV_2016
COD,Congo (Democratic Republic of the),Low,2019,6.76008000,COD_2019
VUT,Vanuatu,Medium,2017,6.76000000,VUT_2017
COD,Congo (Democratic Republic of the),Low,2017,6.75948000,COD_2017
COD,Congo (Democratic Republic of the),Low,2018,6.75948000,COD_2018
SWZ,Eswatini (Kingdom of),Medium,2016,6.74780956,SWZ_2016
SWZ,Eswatini (Kingdom of),Medium,2017,6.74780956,SWZ_2017
NIC,Nicaragua,Medium,2016,6.68000000,NIC_2016
VUT,Vanuatu,Medium,2016,6.68000000,VUT_2016
NGA,Nigeria,Low,2019,6.65519163,NGA_2019
MDV,Maldives,High,2015,6.65000000,MDV_2015
SWZ,Eswatini (Kingdom of),Medium,2015,6.64213917,SWZ_2015
GTM,Guatemala,Medium,2019,6.62261000,GTM_2019
SLV,El Salvador,Medium,2015,6.61777654,SLV_2015
HND,Honduras,Medium,2017,6.59644130,HND_2017
HND,Honduras,Medium,2018,6.59644130,HND_2018
HND,Honduras,Medium,2019,6.57345200,HND_2019
KEN,Kenya,Medium,2018,6.56400000,KEN_2018
KEN,Kenya,Medium,2019,6.56400000,KEN_2019
COD,Congo (Democratic Republic of the),Low,2016,6.56211429,COD_2016
NIC,Nicaragua,Medium,2015,6.54400000,NIC_2015
LSO,Lesotho,Low,2019,6.53928325,LSO_2019
,South Asia,,2019,6.53741420,_2019
NGA,Nigeria,Low,2018,6.53188388,NGA_2018
HND,Honduras,Medium,2016,6.53113000,HND_2016
COG,Congo,Medium,2019,6.51717053,COG_2019
COG,Congo,Medium,2016,6.50227171,COG_2016
COG,Congo,Medium,2017,6.50227171,COG_2017
COG,Congo,Medium,2018,6.50227171,COG_2018
IND,India,Medium,2019,6.50000000,IND_2019
COG,Congo,Medium,2015,6.48740695,COG_2015
,South Asia,,2018,6.48044992,_2018
KEN,Kenya,Medium,2017,6.47600000,KEN_2017
GTM,Guatemala,Medium,2017,6.46788613,GTM_2017
GTM,Guatemala,Medium,2018,6.46788613,GTM_2018
,South Asia,,2017,6.46766897,_2017
IND,India,Medium,2017,6.45213279,IND_2017
IND,India,Medium,2018,6.45213279,IND_2018
LSO,Lesotho,Low,2018,6.44364163,LSO_2018
STP,Sao Tome and Principe,Medium,2018,6.43676318,STP_2018
STP,Sao Tome and Principe,Medium,2019,6.43676318,STP_2019
GTM,Guatemala,Medium,2016,6.43570760,GTM_2016
NGA,Nigeria,Low,2017,6.41086078,NGA_2017
GTM,Guatemala,Medium,2015,6.40368915,GTM_2015
KEN,Kenya,Medium,2016,6.38800000,KEN_2016
,South Asia,,2016,6.37812556,_2016
COD,Congo (Democratic Republic of the),Low,2015,6.36474858,COD_2015
IND,India,Medium,2016,6.35064279,IND_2016
LSO,Lesotho,Low,2017,6.34800000,LSO_2017
,Medium human development,,2019,6.31249948,_2019
CMR,Cameroon,Medium,2019,6.31086200,CMR_2019
KEN,Kenya,Medium,2015,6.30000000,KEN_2015
HND,Honduras,Medium,2015,6.29630772,HND_2015
,South Asia,,2015,6.29570126,_2015
NGA,Nigeria,Low,2016,6.29208000,NGA_2016
CMR,Cameroon,Medium,2018,6.29170000,CMR_2018
CPV,Cabo Verde,Medium,2019,6.28771929,CPV_2019
,Medium human development,,2018,6.25804165,_2018
LSO,Lesotho,Low,2016,6.25000000,LSO_2016
IND,India,Medium,2015,6.24915279,IND_2015
,Medium human development,,2017,6.24297850,_2017
BGD,Bangladesh,Medium,2019,6.21933902,BGD_2019
CMR,Cameroon,Medium,2017,6.20654603,CMR_2017
CPV,Cabo Verde,Medium,2018,6.18113223,CPV_2018
NGA,Nigeria,Low,2015,6.17550000,NGA_2015
UGA,Uganda,Low,2019,6.17195153,UGA_2019
,Medium human development,,2016,6.15127412,_2016
MDG,Madagascar,Low,2016,6.14595483,MDG_2016
MDG,Madagascar,Low,2017,6.14595483,MDG_2017
STP,Sao Tome and Principe,Medium,2017,6.13025065,STP_2017
MDG,Madagascar,Low,2015,6.12943985,MDG_2015
LSO,Lesotho,Low,2015,6.12600000,LSO_2015
TZA,Tanzania (United Republic of),Low,2019,6.12200000,TZA_2019
CMR,Cameroon,Medium,2016,6.12139206,CMR_2016
MDG,Madagascar,Low,2018,6.10000000,MDG_2018
MDG,Madagascar,Low,2019,6.10000000,MDG_2019
UGA,Uganda,Low,2018,6.09025100,UGA_2018
CPV,Cabo Verde,Medium,2017,6.07635199,CPV_2017
BGD,Bangladesh,Medium,2018,6.06183000,BGD_2018
BGD,Bangladesh,Medium,2017,6.06182519,BGD_2017
,Medium human development,,2015,6.05425461,_2015
TZA,Tanzania (United Republic of),Low,2017,6.00800000,TZA_2017
TZA,Tanzania (United Republic of),Low,2018,6.00800000,TZA_2018
CPV,Cabo Verde,Medium,2016,5.97334795,CPV_2016
TZA,Tanzania (United Republic of),Low,2016,5.97247207,TZA_2016
CMR,Cameroon,Medium,2015,5.95730378,CMR_2015
GNQ,Equatorial Guinea,Medium,2019,5.91086300,GNQ_2019
BGD,Bangladesh,Medium,2016,5.90831190,BGD_2016
CPV,Cabo Verde,Medium,2015,5.87209000,CPV_2015
TZA,Tanzania (United Republic of),Low,2015,5.85695429,TZA_2015
STP,Sao Tome and Principe,Medium,2016,5.83833395,STP_2016
UGA,Uganda,Low,2017,5.82592313,UGA_2017
BGD,Bangladesh,Medium,2015,5.78332085,BGD_2015
,Sub-Saharan Africa,,2019,5.75777124,_2019
SLB,Solomon Islands,Medium,2019,5.71184800,SLB_2019
UGA,Uganda,Low,2016,5.71154466,UGA_2016
,Sub-Saharan Africa,,2018,5.70007843,_2018
UGA,Uganda,Low,2015,5.65435542,UGA_2015
MAR,Morocco,Medium,2019,5.64800000,MAR_2019
,Sub-Saharan Africa,,2017,5.63902085,_2017
HTI,Haiti,Low,2018,5.59236964,HTI_2018
HTI,Haiti,Low,2019,5.59236964,HTI_2019
,Sub-Saharan Africa,,2016,5.56498093,_2016
STP,Sao Tome and Principe,Medium,2015,5.56031805,STP_2015
GNQ,Equatorial Guinea,Medium,2017,5.55089078,GNQ_2017
GNQ,Equatorial Guinea,Medium,2018,5.55089078,GNQ_2018
SLB,Solomon Islands,Medium,2017,5.54073206,SLB_2017
SLB,Solomon Islands,Medium,2018,5.54073206,SLB_2018
GNQ,Equatorial Guinea,Medium,2016,5.53909313,GNQ_2016
GNQ,Equatorial Guinea,Medium,2015,5.52732056,GNQ_2015
MAR,Morocco,Medium,2017,5.51400000,MAR_2017
MAR,Morocco,Medium,2018,5.51400000,MAR_2018
,Sub-Saharan Africa,,2015,5.47056210,_2015
HTI,Haiti,Low,2016,5.44168600,HTI_2016
HTI,Haiti,Low,2017,5.44168600,HTI_2017
SLB,Solomon Islands,Medium,2015,5.44073206,SLB_2015
SLB,Solomon Islands,Medium,2016,5.44073206,SLB_2016
MAR,Morocco,Medium,2016,5.38000000,MAR_2016
HTI,Haiti,Low,2015,5.29506246,HTI_2015
CIV,Côte d'Ivoire,Low,2019,5.28800000,CIV_2019
LAO,Lao People's Democratic Republic,Medium,2019,5.28800000,LAO_2019
LAO,Lao People's Democratic Republic,Medium,2018,5.20200000,LAO_2018
LAO,Lao People's Democratic Republic,Medium,2016,5.19385363,LAO_2016
LAO,Lao People's Democratic Republic,Medium,2017,5.19385363,LAO_2017
CIV,Côte d'Ivoire,Low,2017,5.19200000,CIV_2017
CIV,Côte d'Ivoire,Low,2018,5.19200000,CIV_2018
AGO,Angola,Medium,2018,5.17399323,AGO_2018
AGO,Angola,Medium,2019,5.17399323,AGO_2019
PAK,Pakistan,Medium,2018,5.15894426,PAK_2018
PAK,Pakistan,Medium,2019,5.15894426,PAK_2019
AGO,Angola,Medium,2017,5.12545953,AGO_2017
LAO,Lao People's Democratic Republic,Medium,2015,5.11600000,LAO_2015
PAK,Pakistan,Medium,2017,5.11468713,PAK_2017
AGO,Angola,Medium,2016,5.10000000,AGO_2016
SYR,Syrian Arab Republic,Medium,2017,5.10000000,SYR_2017
SYR,Syrian Arab Republic,Medium,2018,5.10000000,SYR_2018
SYR,Syrian Arab Republic,Medium,2019,5.10000000,SYR_2019
CIV,Côte d'Ivoire,Low,2016,5.09600000,CIV_2016
PAK,Pakistan,Medium,2015,5.08946000,PAK_2015
COM,Comoros,Medium,2019,5.07864900,COM_2019
PAK,Pakistan,Medium,2016,5.07043000,PAK_2016
SYR,Syrian Arab Republic,Medium,2015,5.06250000,SYR_2015
SYR,Syrian Arab Republic,Medium,2016,5.06250000,SYR_2016
MAR,Morocco,Medium,2015,5.03784423,MAR_2015
MMR,Myanmar,Medium,2019,5.03449058,MMR_2019
NPL,Nepal,Medium,2019,5.01400000,NPL_2019
CIV,Côte d'Ivoire,Low,2015,5.00000000,CIV_2015
MMR,Myanmar,Medium,2018,4.99378042,MMR_2018
COM,Comoros,Medium,2018,4.99359013,COM_2018
AGO,Angola,Medium,2015,4.97985843,AGO_2015
KHM,Cambodia,Medium,2019,4.96600000,KHM_2019
MMR,Myanmar,Medium,2017,4.95339944,MMR_2017
TGO,Togo,Low,2019,4.94992558,TGO_2019
MMR,Myanmar,Medium,2016,4.91334500,MMR_2016
COM,Comoros,Medium,2017,4.90853126,COM_2017
NPL,Nepal,Medium,2016,4.88184748,NPL_2016
MMR,Myanmar,Medium,2015,4.85689667,MMR_2015
NPL,Nepal,Medium,2018,4.85600000,NPL_2018
,Low human development,,2019,4.85292642,_2019
SSD,South Sudan,Low,2015,4.84913000,SSD_2015
SSD,South Sudan,Low,2016,4.84913000,SSD_2016
SSD,South Sudan,Low,2017,4.84913000,SSD_2017
SSD,South Sudan,Low,2018,4.84913000,SSD_2018
COM,Comoros,Medium,2016,4.84553925,COM_2016
KHM,Cambodia,Medium,2017,4.84400000,KHM_2017
KHM,Cambodia,Medium,2018,4.84400000,KHM_2018
TGO,Togo,Low,2018,4.83443020,TGO_2018
LBR,Liberia,Low,2019,4.80600000,LBR_2019
SSD,South Sudan,Low,2019,4.80000000,SSD_2019
TLS,Timor-Leste,Medium,2019,4.79438300,TLS_2019
,Low human development,,2018,4.78675207,_2018
COM,Comoros,Medium,2015,4.78335562,COM_2015
TGO,Togo,Low,2017,4.74120040,TGO_2017
MWI,Malawi,Low,2019,4.73000000,MWI_2019
MRT,Mauritania,Low,2019,4.72600000,MRT_2019
KHM,Cambodia,Medium,2016,4.72200000,KHM_2016
NPL,Nepal,Medium,2015,4.71766444,NPL_2015
,Low human development,,2017,4.71721483,_2017
NPL,Nepal,Medium,2017,4.69800000,NPL_2017
KHM,Cambodia,Medium,2015,4.66957500,KHM_2015
LBR,Liberia,Low,2017,4.66800000,LBR_2017
LBR,Liberia,Low,2018,4.66800000,LBR_2018
PNG,Papua New Guinea,Medium,2019,4.66000000,PNG_2019
TGO,Togo,Low,2016,4.64797060,TGO_2016
MWI,Malawi,Low,2018,4.63000000,MWI_2018
,Low human development,,2016,4.62933516,_2016
PNG,Papua New Guinea,Medium,2018,4.62000000,PNG_2018
MRT,Mauritania,Low,2018,4.61400000,MRT_2018
PNG,Papua New Guinea,Medium,2016,4.58000000,PNG_2016
PNG,Papua New Guinea,Medium,2017,4.58000000,PNG_2017
TGO,Togo,Low,2015,4.55474080,TGO_2015
TLS,Timor-Leste,Medium,2017,4.53787691,TLS_2017
TLS,Timor-Leste,Medium,2018,4.53787691,TLS_2018
,Low human development,,2015,4.53781808,_2015
LBR,Liberia,Low,2016,4.53000000,LBR_2016
MWI,Malawi,Low,2016,4.53000000,MWI_2016
MWI,Malawi,Low,2017,4.53000000,MWI_2017
TLS,Timor-Leste,Medium,2016,4.52430400,TLS_2016
TLS,Timor-Leste,Medium,2015,4.51001829,TLS_2015
MRT,Mauritania,Low,2017,4.50200000,MRT_2017
LBR,Liberia,Low,2015,4.44200000,LBR_2015
MWI,Malawi,Low,2015,4.43000000,MWI_2015
RWA,Rwanda,Low,2019,4.41715054,RWA_2019
MRT,Mauritania,Low,2016,4.39000000,MRT_2016
RWA,Rwanda,Low,2018,4.34057000,RWA_2018
PNG,Papua New Guinea,Medium,2015,4.32800000,PNG_2015
CAF,Central African Republic,Low,2018,4.28200000,CAF_2018
CAF,Central African Republic,Low,2019,4.28200000,CAF_2019
RWA,Rwanda,Low,2017,4.28155643,RWA_2017
MRT,Mauritania,Low,2015,4.26600000,MRT_2015
CAF,Central African Republic,Low,2016,4.25600000,CAF_2016
CAF,Central African Republic,Low,2017,4.25600000,CAF_2017
CAF,Central African Republic,Low,2015,4.23000000,CAF_2015
RWA,Rwanda,Low,2016,4.14596232,RWA_2016
DJI,Djibouti,Low,2019,4.10000000,DJI_2019
BTN,Bhutan,Medium,2017,4.07380000,BTN_2017
BTN,Bhutan,Medium,2018,4.07380000,BTN_2018
BTN,Bhutan,Medium,2019,4.07380000,BTN_2019
DJI,Djibouti,Low,2016,4.07000000,DJI_2016
DJI,Djibouti,Low,2017,4.07000000,DJI_2017
DJI,Djibouti,Low,2015,4.06189286,DJI_2015
RWA,Rwanda,Low,2015,4.01036821,RWA_2015
DJI,Djibouti,Low,2018,4.00000000,DJI_2018
AFG,Afghanistan,Low,2018,3.93000000,AFG_2018
AFG,Afghanistan,Low,2019,3.93000000,AFG_2019
GMB,Gambia,Low,2019,3.92200000,GMB_2019
ERI,Eritrea,Low,2016,3.90100000,ERI_2016
ERI,Eritrea,Low,2017,3.90100000,ERI_2017
ERI,Eritrea,Low,2018,3.90000000,ERI_2018
ERI,Eritrea,Low,2019,3.90000000,ERI_2019
ERI,Eritrea,Low,2015,3.85955100,ERI_2015
BEN,Benin,Low,2019,3.82632800,BEN_2019
GMB,Gambia,Low,2018,3.79400000,GMB_2018
AFG,Afghanistan,Low,2017,3.78000000,AFG_2017
BEN,Benin,Low,2018,3.77400000,BEN_2018
SDN,Sudan,Low,2019,3.77000000,SDN_2019
BTN,Bhutan,Medium,2016,3.75992000,BTN_2016
SDN,Sudan,Low,2018,3.72000000,SDN_2018
SLE,Sierra Leone,Low,2019,3.70000000,SLE_2019
SDN,Sudan,Low,2017,3.67000000,SDN_2017
GMB,Gambia,Low,2017,3.66600000,GMB_2017
BEN,Benin,Low,2016,3.64902690,BEN_2016
BEN,Benin,Low,2017,3.64902690,BEN_2017
AFG,Afghanistan,Low,2015,3.63000000,AFG_2015
AFG,Afghanistan,Low,2016,3.63000000,AFG_2016
SDN,Sudan,Low,2015,3.62000000,SDN_2015
SDN,Sudan,Low,2016,3.62000000,SDN_2016
SLE,Sierra Leone,Low,2018,3.60000000,SLE_2018
GNB,Guinea-Bissau,Low,2019,3.56260000,GNB_2019
MOZ,Mozambique,Low,2018,3.54089844,MOZ_2018
MOZ,Mozambique,Low,2019,3.54089844,MOZ_2019
GMB,Gambia,Low,2016,3.52500000,GMB_2016
GMB,Gambia,Low,2015,3.51500000,GMB_2015
BEN,Benin,Low,2015,3.51000000,BEN_2015
SLE,Sierra Leone,Low,2017,3.50000000,SLE_2017
BTN,Bhutan,Medium,2015,3.44600000,BTN_2015
MOZ,Mozambique,Low,2017,3.43544383,MOZ_2017
SLE,Sierra Leone,Low,2015,3.40000000,SLE_2015
SLE,Sierra Leone,Low,2016,3.40000000,SLE_2016
MOZ,Mozambique,Low,2016,3.32998922,MOZ_2016
GNB,Guinea-Bissau,Low,2017,3.30349531,GNB_2017
GNB,Guinea-Bissau,Low,2018,3.30349531,GNB_2018
BDI,Burundi,Low,2019,3.28798274,BDI_2019
GNB,Guinea-Bissau,Low,2016,3.27078743,GNB_2016
GNB,Guinea-Bissau,Low,2015,3.23840340,GNB_2015
YEM,Yemen,Low,2018,3.20000000,YEM_2018
YEM,Yemen,Low,2019,3.20000000,YEM_2019
SEN,Senegal,Low,2019,3.18308500,SEN_2019
BDI,Burundi,Low,2018,3.12436500,BDI_2018
MOZ,Mozambique,Low,2015,3.11908000,MOZ_2015
SEN,Senegal,Low,2018,3.06893400,SEN_2018
YEM,Yemen,Low,2015,3.00000000,YEM_2015
YEM,Yemen,Low,2016,3.00000000,YEM_2016
YEM,Yemen,Low,2017,3.00000000,YEM_2017
SEN,Senegal,Low,2017,2.98620000,SEN_2017
BDI,Burundi,Low,2016,2.96888926,BDI_2016
BDI,Burundi,Low,2017,2.96888926,BDI_2017
SEN,Senegal,Low,2016,2.93467323,SEN_2016
BDI,Burundi,Low,2015,2.90267938,BDI_2015
ETH,Ethiopia,Low,2019,2.88318900,ETH_2019
SEN,Senegal,Low,2015,2.88314645,SEN_2015
ETH,Ethiopia,Low,2017,2.79544299,ETH_2017
ETH,Ethiopia,Low,2018,2.79544299,ETH_2018
GIN,Guinea,Low,2019,2.77422500,GIN_2019
GIN,Guinea,Low,2016,2.70739260,GIN_2016
GIN,Guinea,Low,2017,2.70739260,GIN_2017
GIN,Guinea,Low,2018,2.70739260,GIN_2018
ETH,Ethiopia,Low,2016,2.68113500,ETH_2016
GIN,Guinea,Low,2015,2.66108890,GIN_2015
ETH,Ethiopia,Low,2015,2.58078002,ETH_2015
TCD,Chad,Low,2019,2.52368000,TCD_2019
TCD,Chad,Low,2018,2.46973450,TCD_2018
TCD,Chad,Low,2017,2.40949707,TCD_2017
MLI,Mali,Low,2018,2.35295441,MLI_2018
MLI,Mali,Low,2019,2.35295441,MLI_2019
TCD,Chad,Low,2016,2.35072885,TCD_2016
TCD,Chad,Low,2015,2.29339400,TCD_2015
MLI,Mali,Low,2017,2.29103456,MLI_2017
MLI,Mali,Low,2016,2.22911471,MLI_2016
MLI,Mali,Low,2015,2.10527500,MLI_2015
NER,Niger,Low,2019,2.07904897,NER_2019
NER,Niger,Low,2018,2.02904897,NER_2018
NER,Niger,Low,2017,1.95133177,NER_2017
NER,Niger,Low,2016,1.87361457,NER_2016
NER,Niger,Low,2015,1.79589738,NER_2015
BFA,Burkina Faso,Low,2019,1.64429856,BFA_2019
BFA,Burkina Faso,Low,2018,1.58557361,BFA_2018
BFA,Burkina Faso,Low,2017,1.52894598,BFA_2017
BFA,Burkina Faso,Low,2016,1.47231835,BFA_2016
BFA,Burkina Faso,Low,2015,1.41569072,BFA_2015
MCO,Monaco,,2015,,MCO_2015
NRU,Nauru,,2015,,NRU_2015
PRK,Korea (Democratic People's Rep. of),,2015,,PRK_2015
SMR,San Marino,,2015,,SMR_2015
SOM,Somalia,,2015,,SOM_2015
TUV,Tuvalu,,2015,,TUV_2015
,,,,,_
,,,,,_
,,,,,_
MCO,Monaco,,2016,,MCO_2016
NRU,Nauru,,2016,,NRU_2016
PRK,Korea (Democratic People's Rep. of),,2016,,PRK_2016
SMR,San Marino,,2016,,SMR_2016
SOM,Somalia,,2016,,SOM_2016
TUV,Tuvalu,,2016,,TUV_2016
,,,,,_
,,,,,_
,,,,,_
MCO,Monaco,,2017,,MCO_2017
NRU,Nauru,,2017,,NRU_2017
PRK,Korea (Democratic People's Rep. of),,2017,,PRK_2017
SMR,San Marino,,2017,,SMR_2017
SOM,Somalia,,2017,,SOM_2017
TUV,Tuvalu,,2017,,TUV_2017
,,,,,_
,,,,,_
,,,,,_
,,,,,_
MCO,Monaco,,2018,,MCO_2018
NRU,Nauru,,2018,,NRU_2018
PRK,Korea (Democratic People's Rep. of),,2018,,PRK_2018
SMR,San Marino,,2018,,SMR_2018
SOM,Somalia,,2018,,SOM_2018
TUV,Tuvalu,,2018,,TUV_2018
,,,,,_
,,,,,_
,,,,,_
,,,,,_
MCO,Monaco,,2019,,MCO_2019
NRU,Nauru,,2019,,NRU_2019
PRK,Korea (Democratic People's Rep. of),,2019,,PRK_2019
SMR,San Marino,,2019,,SMR_2019
SOM,Somalia,,2019,,SOM_2019
TUV,Tuvalu,,2019,,TUV_2019
