iso_a3,name,year,big_mac_dollar_price
ARG,Argentina,2000,2.5
AUS,Australia,2000,1.541666667
BRA,Brazil,2000,1.648044693
CAN,Canada,2000,1.93877551
CHE,Switzerland,2000,3.470588235
CHL,Chile,2000,2.451361868
CHN,China,2000,1.195652174
CZE,Czech Republic,2000,1.390537084
DNK,Denmark,2000,3.078358209
EUZ,Euro area,2000,2.3808
GBR,Britain,2000,3.002000002
HKG,Hong Kong,2000,1.309370988
HUN,Hungary,2000,1.215053763
IDN,Indonesia,2000,1.825047199
ISR,Israel,2000,3.580246914
JPN,Japan,2000,2.773584906
KOR,South Korea,2000,2.707581227
MEX,Mexico,2000,2.221041445
MYS,Malaysia,2000,1.189473684
NZL,New Zealand,2000,1.691542289
POL,Poland,2000,1.279069767
RUS,Russia,2000,1.385964912
SGP,Singapore,2000,1.882352941
SWE,Sweden,2000,2.714932127
THA,Thailand,2000,1.447368421
TWN,Taiwan,2000,2.287581699
USA,United States,2000,2.51
ZAF,South Africa,2000,1.339285714
ARG,Argentina,2001,2.5
AUS,Australia,2001,1.515151515
BRA,Brazil,2001,1.643835616
CAN,Canada,2001,2.134615385
CHE,Switzerland,2001,3.641618497
CHL,Chile,2001,2.096505824
CHN,China,2001,1.195652174
CZE,Czech Republic,2001,1.435897436
DNK,Denmark,2001,2.925531915
EUZ,Euro area,2001,2.261600001
GBR,Britain,2001,2.845700001
HKG,Hong Kong,2001,1.371794872
HUN,Hungary,2001,1.316831683
IDN,Indonesia,2001,1.354214648
JPN,Japan,2001,2.370967742
KOR,South Korea,2001,2.264150943
MEX,Mexico,2001,2.35737352
MYS,Malaysia,2001,1.189473684
NZL,New Zealand,2001,1.457489879
PHL,Philippines,2001,1.172962227
POL,Poland,2001,1.464019851
RUS,Russia,2001,1.211072664
SGP,Singapore,2001,1.82320442
SWE,Sweden,2001,2.33463035
THA,Thailand,2001,1.208791209
TWN,Taiwan,2001,2.127659574
USA,United States,2001,2.54
ZAF,South Africa,2001,1.193111931
ARG,Argentina,2002,0.798722045
AUS,Australia,2002,1.612903226
BRA,Brazil,2002,1.538461538
CAN,Canada,2002,2.121019108
CHE,Switzerland,2002,3.795180723
CHL,Chile,2002,2.13740458
CHN,China,2002,1.268115942
CZE,Czech Republic,2002,1.655294118
DNK,Denmark,2002,2.953460621
EUZ,Euro area,2002,2.376299999
GBR,Britain,2002,2.885500002
HKG,Hong Kong,2002,1.4
HUN,Hungary,2002,1.6875
IDN,Indonesia,2002,1.696712619
ISR,Israel,2002,2.505219207
JPN,Japan,2002,2.015384615
KOR,South Korea,2002,2.377300613
MEX,Mexico,2002,2.359913793
MYS,Malaysia,2002,1.326315789
NOR,Norway,2002,4.088785047
NZL,New Zealand,2002,1.607142857
PER,Peru,2002,2.478134111
PHL,Philippines,2002,1.274509804
POL,Poland,2002,1.46039604
RUS,Russia,2002,1.25
SGP,Singapore,2002,1.813186813
SWE,Sweden,2002,2.5
THA,Thailand,2002,1.270207852
TUR,Turkey,2002,3.02000755
TWN,Taiwan,2002,2.011494253
USA,United States,2002,2.49
VEN,Venezuela,2002,2.917152859
ZAF,South Africa,2002,0.889908257
ARG,Argentina,2003,1.423611111
AUS,Australia,2003,1.863354037
BRA,Brazil,2003,1.482084691
CAN,Canada,2003,2.206896552
CHE,Switzerland,2003,4.598540146
CHL,Chile,2003,1.955307263
CHN,China,2003,1.195652174
CZE,Czech Republic,2003,1.957439446
DNK,Denmark,2003,4.092920354
EGY,Egypt,2003,1.351351351
EUZ,Euro area,2003,2.981
GBR,Britain,2003,3.144200002
HKG,Hong Kong,2003,1.474358974
HUN,Hungary,2003,2.1875
IDN,Indonesia,2003,1.842105263
JPN,Japan,2003,2.183333333
KOR,South Korea,2003,2.704918033
MEX,Mexico,2003,2.184235518
MYS,Malaysia,2003,1.326315789
NZL,New Zealand,2003,2.219101124
PER,Peru,2003,2.283236994
PHL,Philippines,2003,1.238095238
POL,Poland,2003,1.619537275
RUS,Russia,2003,1.318327974
SGP,Singapore,2003,1.853932584
SWE,Sweden,2003,3.597122302
THA,Thailand,2003,1.381733021
TUR,Turkey,2003,2.343017807
TWN,Taiwan,2003,2.011494253
USA,United States,2003,2.71
VEN,Venezuela,2003,2.315394243
ZAF,South Africa,2003,1.845238095
ARG,Argentina,2004,1.477966102
AUS,Australia,2004,2.272727273
BRA,Brazil,2004,1.698113208
CAN,Canada,2004,2.328467153
CHE,Switzerland,2004,4.88372093
CHL,Chile,2004,2.184087363
CHN,China,2004,1.256038647
COL,Colombia,2004,2.346714419
CRI,Costa Rica,2004,2.606389113
CZE,Czech Republic,2004,2.129056604
DNK,Denmark,2004,4.461414791
EGY,Egypt,2004,1.615508885
EUZ,Euro area,2004,3.288000001
GBR,Britain,2004,3.365199999
HKG,Hong Kong,2004,1.540436457
HUN,Hungary,2004,2.511848341
IDN,Indonesia,2004,1.765350877
JPN,Japan,2004,2.318584071
KOR,South Korea,2004,2.718776551
LKA,Sri Lanka,2004,1.414141414
MEX,Mexico,2004,2.068965517
MYS,Malaysia,2004,1.326315789
NOR,Norway,2004,5.183162751
NZL,New Zealand,2004,2.652439024
PAK,Pakistan,2004,1.904432133
PER,Peru,2004,2.575931232
PHL,Philippines,2004,1.234347048
POL,Poland,2004,1.627906977
RUS,Russia,2004,1.448275862
SAU,Saudi Arabia,2004,0.639965868
SGP,Singapore,2004,1.929824561
SWE,Sweden,2004,3.94218134
THA,Thailand,2004,1.446078431
TUR,Turkey,2004,2.580013063
TWN,Taiwan,2004,2.245508982
UKR,Ukraine,2004,1.359842446
URY,Uruguay,2004,1.002185976
USA,United States,2004,2.9
VEN,Venezuela,2004,1.477997985
ZAF,South Africa,2004,1.861861862
ARE,UAE,2005,2.450646698
ARG,Argentina,2005,1.639627201
AUS,Australia,2005,2.497118709
BRA,Brazil,2005,2.393703343
CAN,Canada,2005,2.625260125
CHE,Switzerland,2005,5.0501002
CHL,Chile,2005,2.531859229
CHN,China,2005,1.268667537
COL,Colombia,2005,2.792456073
CRI,Costa Rica,2005,2.377445824
CZE,Czech Republic,2005,2.299019188
DNK,Denmark,2005,4.575659142
EGY,Egypt,2005,1.551724138
EUZ,Euro area,2005,3.583131998
GBR,Britain,2005,3.440400003
HKG,Hong Kong,2005,1.542277687
HUN,Hungary,2005,2.602593755
IDN,Indonesia,2005,1.529596647
JPN,Japan,2005,2.342688469
KOR,South Korea,2005,2.486325211
LKA,Sri Lanka,2005,1.75096303
MEX,Mexico,2005,2.576489533
MYS,Malaysia,2005,1.381578947
NOR,Norway,2005,6.06286727
NZL,New Zealand,2005,3.173358055
PAK,Pakistan,2005,2.18047635
PER,Peru,2005,2.762244208
PHL,Philippines,2005,1.466544455
POL,Poland,2005,1.963983563
RUS,Russia,2005,1.478586893
SAU,Saudi Arabia,2005,2.399936002
SGP,Singapore,2005,2.167760583
SWE,Sweden,2005,4.166554663
THA,Thailand,2005,1.4803849
TUR,Turkey,2005,2.92184076
TWN,Taiwan,2005,2.405773857
UKR,Ukraine,2005,1.432806324
URY,Uruguay,2005,1.823834197
USA,United States,2005,3.06
VEN,Venezuela,2005,2.129585263
ZAF,South Africa,2005,2.098312325
ARG,Argentina,2006,1.550362295
AUS,Australia,2006,2.442140066
BRA,Brazil,2006,2.741543224
CAN,Canada,2006,3.007518797
CHE,Switzerland,2006,4.931120852
CHL,Chile,2006,2.984218077
CHN,China,2006,1.302067187
CZE,Czech Republic,2006,2.600943891
DNK,Denmark,2006,4.492544804
EGY,Egypt,2006,1.611498258
EUZ,Euro area,2006,3.513825
GBR,Britain,2006,3.316131998
HKG,Hong Kong,2006,1.548147384
HUN,Hungary,2006,2.705889175
IDN,Indonesia,2006,1.543340381
JPN,Japan,2006,2.187130922
KOR,South Korea,2006,2.557675584
MEX,Mexico,2006,2.655916528
MYS,Malaysia,2006,1.46713615
NZL,New Zealand,2006,3.075965992
PER,Peru,2006,2.756819501
PHL,Philippines,2006,1.559528338
POL,Poland,2006,2.086610382
RUS,Russia,2006,1.604464597
SGP,Singapore,2006,2.20143093
SWE,Sweden,2006,4.279101129
THA,Thailand,2006,1.50924412
TUR,Turkey,2006,3.067714179
TWN,Taiwan,2006,2.347454577
USA,United States,2006,3.15
VEN,Venezuela,2006,2.255420655
ZAF,South Africa,2006,2.294294689
ARE,UAE,2006,2.450579971
ARG,Argentina,2006,2.290201211
AUS,Australia,2006,2.438969479
BRA,Brazil,2006,2.777175092
CAN,Canada,2006,3.141594895
CHE,Switzerland,2006,5.21156471
CHL,Chile,2006,2.943673932
CHN,China,2006,1.308248193
COL,Colombia,2006,2.596261384
CRI,Costa Rica,2006,2.217708303
CZE,Czech Republic,2006,2.671002994
DNK,Denmark,2006,4.769475358
EGY,Egypt,2006,1.646233159
EUZ,Euro area,2006,3.766916497
GBR,Britain,2006,3.647976002
HKG,Hong Kong,2006,1.547728064
HUN,Hungary,2006,2.713909367
IDN,Indonesia,2006,1.565683646
JPN,Japan,2006,2.230052183
KOR,South Korea,2006,2.624947501
LKA,Sri Lanka,2006,1.845466466
MEX,Mexico,2006,2.565667826
MYS,Malaysia,2006,1.515360242
NOR,Norway,2006,7.046523442
NZL,New Zealand,2006,2.745202065
PAK,Pakistan,2006,2.164682374
PER,Peru,2006,2.913216805
PHL,Philippines,2006,1.6152019
POL,Poland,2006,2.097349273
RUS,Russia,2006,1.773590134
SAU,Saudi Arabia,2006,2.400640171
SGP,Singapore,2006,2.268002268
SWE,Sweden,2006,4.530135698
THA,Thailand,2006,1.560671089
TUR,Turkey,2006,2.724618878
TWN,Taiwan,2006,2.333468156
UKR,Ukraine,2006,1.683168317
URY,Uruguay,2006,1.767189133
USA,United States,2006,3.1
VEN,Venezuela,2006,2.262777923
ZAF,South Africa,2006,2.114597544
ARE,UAE,2007,2.722866634
ARG,Argentina,2007,2.670983408
AUS,Australia,2007,2.723257806
BRA,Brazil,2007,2.999765643
CAN,Canada,2007,3.089756139
CHE,Switzerland,2007,5.046055266
CHL,Chile,2007,3.091733778
CHN,China,2007,1.414918385
COL,Colombia,2007,3.081285655
CRI,Costa Rica,2007,2.217708303
CZE,Czech Republic,2007,2.423126205
DNK,Denmark,2007,4.823528389
EGY,Egypt,2007,1.594736842
EUZ,Euro area,2007,3.809210998
GBR,Britain,2007,3.833731
HKG,Hong Kong,2007,1.538767319
HUN,Hungary,2007,3.034609464
IDN,Indonesia,2007,1.749174917
JPN,Japan,2007,2.302915656
KOR,South Korea,2007,3.084614157
LKA,Sri Lanka,2007,1.845466466
MEX,Mexico,2007,2.663140302
MYS,Malaysia,2007,1.570531125
NOR,Norway,2007,6.800714485
NZL,New Zealand,2007,3.22137875
PAK,Pakistan,2007,2.331196403
PER,Peru,2007,2.97852328
PHL,Philippines,2007,1.732925586
POL,Poland,2007,2.321864221
RUS,Russia,2007,1.846722068
SAU,Saudi Arabia,2007,2.400640171
SGP,Singapore,2007,2.340778309
SWE,Sweden,2007,4.544647612
THA,Thailand,2007,1.756373938
TUR,Turkey,2007,3.22752261
TWN,Taiwan,2007,2.277869736
UKR,Ukraine,2007,1.782178218
URY,Uruguay,2007,2.298850575
USA,United States,2007,3.22
VEN,Venezuela,2007,1.648373758
ZAF,South Africa,2007,2.180104786
ARE,UAE,2007,2.722681297
ARG,Argentina,2007,2.668607472
AUS,Australia,2007,2.948717949
BRA,Brazil,2007,3.606900157
CAN,Canada,2007,3.683136361
CHE,Switzerland,2007,5.201453104
CHL,Chile,2007,2.971048885
CHN,China,2007,1.446473891
COL,Colombia,2007,3.527607362
CRI,Costa Rica,2007,2.178838274
CZE,Czech Republic,2007,2.505120343
DNK,Denmark,2007,5.082138344
EGY,Egypt,2007,1.676551997
EUZ,Euro area,2007,4.166889949
GBR,Britain,2007,4.007163503
HKG,Hong Kong,2007,1.53540058
HUN,Hungary,2007,3.329437891
IDN,Indonesia,2007,1.763727121
JPN,Japan,2007,2.289171402
KOR,South Korea,2007,3.143631436
LKA,Sri Lanka,2007,1.885098743
MEX,Mexico,2007,2.693277487
MYS,Malaysia,2007,1.601397583
NOR,Norway,2007,6.880063297
NZL,New Zealand,2007,3.594592483
PAK,Pakistan,2007,2.319032632
PER,Peru,2007,2.999684244
PHL,Philippines,2007,1.851952721
POL,Poland,2007,2.50740411
RUS,Russia,2007,2.027428772
SAU,Saudi Arabia,2007,2.399712035
SGP,Singapore,2007,2.592288761
SWE,Sweden,2007,4.858907629
THA,Thailand,2007,1.799448556
TUR,Turkey,2007,3.659194207
TWN,Taiwan,2007,2.28864375
UKR,Ukraine,2007,1.839880656
URY,Uruguay,2007,2.58926707
USA,United States,2007,3.41
VEN,Venezuela,2007,3.446188236
ZAF,South Africa,2007,2.223497346
ARE,UAE,2008,2.722681297
ARG,Argentina,2008,3.64298725
AUS,Australia,2008,3.362573099
BRA,Brazil,2008,4.733055661
CAN,Canada,2008,4.075531862
CHE,Switzerland,2008,6.35914494
CHL,Chile,2008,3.133528758
CHN,China,2008,1.829089845
COL,Colombia,2008,3.891807745
CRI,Costa Rica,2008,3.266669086
CZE,Czech Republic,2008,4.55788577
DNK,Denmark,2008,5.951874841
EGY,Egypt,2008,2.447058824
EUZ,Euro area,2008,5.342704588
GBR,Britain,2008,4.570496503
HKG,Hong Kong,2008,1.705696771
HUN,Hungary,2008,4.644462899
IDN,Indonesia,2008,2.043269231
JPN,Japan,2008,2.620373403
KOR,South Korea,2008,3.143264083
LKA,Sri Lanka,2008,1.952580195
MEX,Mexico,2008,3.146973497
MYS,Malaysia,2008,1.69857937
NOR,Norway,2008,7.875333471
NZL,New Zealand,2008,3.718600592
PAK,Pakistan,2008,1.97461213
PER,Peru,2008,3.345070423
PHL,Philippines,2008,1.95571541
POL,Poland,2008,3.445814566
RUS,Russia,2008,2.539425659
SAU,Saudi Arabia,2008,2.666986705
SGP,Singapore,2008,2.919977823
SWE,Sweden,2008,6.37492975
THA,Thailand,2008,1.858513189
TUR,Turkey,2008,4.317753092
TWN,Taiwan,2008,2.470152326
UKR,Ukraine,2008,2.391304348
URY,Uruguay,2008,3.18537859
USA,United States,2008,3.57
ZAF,South Africa,2008,2.241100056
ARE,UAE,2009,2.722570106
ARG,Argentina,2009,3.017382748
AUS,Australia,2009,3.372445411
BRA,Brazil,2009,4.020830204
CAN,Canada,2009,3.350992807
CHE,Switzerland,2009,5.984991483
CHL,Chile,2009,3.190228785
CHN,China,2009,1.82943785
COL,Colombia,2009,3.340332124
CRI,Costa Rica,2009,3.433063838
CZE,Czech Republic,2009,3.63956906
DNK,Denmark,2009,5.526932084
EGY,Egypt,2009,2.327767581
EUZ,Euro area,2009,4.617118998
GBR,Britain,2009,3.688274001
HKG,Hong Kong,2009,1.716018321
HUN,Hungary,2009,3.615225522
IDN,Indonesia,2009,2.049019608
ISR,Israel,2009,3.774297037
JPN,Japan,2009,3.457030195
KOR,South Korea,2009,2.586534804
LKA,Sri Lanka,2009,1.828312729
MEX,Mexico,2009,2.389503563
MYS,Malaysia,2009,1.879511383
NOR,Norway,2009,6.145101202
NZL,New Zealand,2009,3.077212924
PAK,Pakistan,2009,2.300242131
PER,Peru,2009,2.661029266
PHL,Philippines,2009,2.054149013
POL,Poland,2009,2.408683939
RUS,Russia,2009,2.042938294
SAU,Saudi Arabia,2009,2.933020478
SGP,Singapore,2009,2.881529532
SWE,Sweden,2009,4.930997642
THA,Thailand,2009,1.887604273
TUR,Turkey,2009,3.645043708
TWN,Taiwan,2009,2.260704436
UKR,Ukraine,2009,1.82767624
URY,Uruguay,2009,2.632714717
USA,United States,2009,3.57
ZAF,South Africa,2009,2.167743494
ARE,UAE,2010,2.994827117
ARG,Argentina,2010,1.842832697
AUS,Australia,2010,3.977870239
BRA,Brazil,2010,4.75831254
CAN,Canada,2010,3.973765432
CHE,Switzerland,2010,6.303641565
CHL,Chile,2010,3.18028225
CHN,China,2010,1.830911648
COL,Colombia,2010,3.912960489
CRI,Costa Rica,2010,3.518890434
CZE,Czech Republic,2010,3.714432415
DNK,Denmark,2010,5.99385891
EGY,Egypt,2010,2.378774016
EUZ,Euro area,2010,4.843943997
GBR,Britain,2010,3.671328
HKG,Hong Kong,2010,1.908064797
HUN,Hungary,2010,3.857470742
IDN,Indonesia,2010,2.24248927
ISR,Israel,2010,3.991962492
JPN,Japan,2010,3.495739567
KOR,South Korea,2010,2.981148619
LKA,Sri Lanka,2010,1.828312729
MEX,Mexico,2010,2.497317335
MYS,Malaysia,2010,2.081180812
NOR,Norway,2010,7.023026749
NZL,New Zealand,2010,3.611305598
PAK,Pakistan,2010,2.421307506
PER,Peru,2010,2.806479707
PHL,Philippines,2010,2.210801394
POL,Poland,2010,2.85648793
RUS,Russia,2010,2.339024961
SAU,Saudi Arabia,2010,2.666524452
SGP,Singapore,2010,3.188706961
SWE,Sweden,2010,5.506841191
THA,Thailand,2010,2.11256979
TUR,Turkey,2010,3.831677461
TWN,Taiwan,2010,2.355342702
UKR,Ukraine,2010,1.82767624
URY,Uruguay,2010,3.32326284
USA,United States,2010,3.58
ZAF,South Africa,2010,2.457389281
ARE,UAE,2010,2.994949426
ARG,Argentina,2010,3.558945027
AUS,Australia,2010,3.8369175
BRA,Brazil,2010,4.907180484
CAN,Canada,2010,4.000575622
CHE,Switzerland,2010,6.185468906
CHL,Chile,2010,3.34192686
CHN,China,2010,1.947793239
COL,Colombia,2010,4.388664401
CRI,Costa Rica,2010,3.830573724
CZE,Czech Republic,2010,3.425226357
DNK,Denmark,2010,4.902255898
EGY,Egypt,2010,2.281101948
EUZ,Euro area,2010,4.332523827
GBR,Britain,2010,3.483548
HKG,Hong Kong,2010,1.90373286
HUN,Hungary,2010,3.333796611
IDN,Indonesia,2010,2.513516496
ISR,Israel,2010,3.858204511
JPN,Japan,2010,3.670566644
KOR,South Korea,2010,2.822865208
LKA,Sri Lanka,2010,1.86211483
MEX,Mexico,2010,2.503520576
MYS,Malaysia,2010,2.193869613
NOR,Norway,2010,7.204322594
NZL,New Zealand,2010,3.59
PAK,Pakistan,2010,2.455422391
PER,Peru,2010,3.536693192
PHL,Philippines,2010,2.194964493
POL,Poland,2010,2.596265132
RUS,Russia,2010,2.332208289
SAU,Saudi Arabia,2010,2.666346705
SGP,Singapore,2010,3.078154563
SWE,Sweden,2010,6.564002414
THA,Thailand,2010,2.166847237
TUR,Turkey,2010,3.890668933
TWN,Taiwan,2010,2.336048341
UKR,Ukraine,2010,1.835675402
URY,Uruguay,2010,3.744075829
USA,United States,2010,3.733333333
ZAF,South Africa,2010,2.448085982
ARE,UAE,2011,3.267039654
ARG,Argentina,2011,4.83968542
AUS,Australia,2011,4.943724001
BRA,Brazil,2011,6.162428646
CAN,Canada,2011,5.000792938
CHE,Switzerland,2011,8.063015568
CHL,Chile,2011,3.997839006
CHN,China,2011,2.273079907
COL,Colombia,2011,4.74442248
CRI,Costa Rica,2011,4.065000347
CZE,Czech Republic,2011,4.072400848
DNK,Denmark,2011,5.482403409
EGY,Egypt,2011,2.363300906
EUZ,Euro area,2011,4.928401836
GBR,Britain,2011,3.891637
HKG,Hong Kong,2011,1.937934752
HUN,Hungary,2011,4.040996978
IDN,Indonesia,2011,2.643904728
IND,India,2011,1.891891892
ISR,Israel,2011,4.671867425
JPN,Japan,2011,4.083455624
KOR,South Korea,2011,3.503124408
LKA,Sri Lanka,2011,2.557661567
MEX,Mexico,2011,2.741897479
MYS,Malaysia,2011,2.421796165
NOR,Norway,2011,8.311707502
NZL,New Zealand,2011,4.411500001
PAK,Pakistan,2011,2.375702125
PER,Peru,2011,3.652968037
PHL,Philippines,2011,2.78236265
POL,Poland,2011,3.085669336
RUS,Russia,2011,2.702459238
SAU,Saudi Arabia,2011,2.666524452
SGP,Singapore,2011,3.653535479
SWE,Sweden,2011,7.639853517
THA,Thailand,2011,2.352941176
TUR,Turkey,2011,3.772818295
TWN,Taiwan,2011,2.601095928
UKR,Ukraine,2011,2.064048036
URY,Uruguay,2011,4.87804878
USA,United States,2011,4.065
VEN,Venezuela,2011,6.519739676
ZAF,South Africa,2011,2.873457087
ARE,UAE,2012,3.267084127
ARG,Argentina,2012,4.636606004
AUS,Australia,2012,4.93656
BRA,Brazil,2012,5.67867036
CAN,Canada,2012,4.632939909
CHE,Switzerland,2012,6.805570097
CHL,Chile,2012,4.050983104
CHN,China,2012,2.438445095
COL,Colombia,2012,4.535269822
CRI,Costa Rica,2012,4.023236645
CZE,Czech Republic,2012,3.448013415
DNK,Denmark,2012,5.37418854
EGY,Egypt,2012,2.567500414
EUZ,Euro area,2012,4.430704775
GBR,Britain,2012,3.823395002
HKG,Hong Kong,2012,2.124276619
HUN,Hungary,2012,2.625214062
IDN,Indonesia,2012,2.460043668
IND,India,2012,1.6183412
ISR,Israel,2012,4.131479797
JPN,Japan,2012,4.160166407
KOR,South Korea,2012,3.193096009
LKA,Sri Lanka,2012,2.545422628
MEX,Mexico,2012,2.703808716
MYS,Malaysia,2012,2.341099839
NOR,Norway,2012,6.788191857
NZL,New Zealand,2012,4.047615
PAK,Pakistan,2012,2.887284842
PER,Peru,2012,3.714020427
PHL,Philippines,2012,2.681513464
POL,Poland,2012,2.584896817
RUS,Russia,2012,2.549631248
SAU,Saudi Arabia,2012,2.666524452
SGP,Singapore,2012,3.75154703
SWE,Sweden,2012,5.913063544
THA,Thailand,2012,2.456692913
TUR,Turkey,2012,3.54276819
TWN,Taiwan,2012,2.501709501
UKR,Ukraine,2012,2.114296375
URY,Uruguay,2012,4.627249357
USA,United States,2012,4.19722
VEN,Venezuela,2012,6.985435367
ZAF,South Africa,2012,2.453753813
ARE,UAE,2012,3.267128602
ARG,Argentina,2012,4.160963592
AUS,Australia,2012,4.680155999
BRA,Brazil,2012,4.935974341
CAN,Canada,2012,5.022315955
CHE,Switzerland,2012,6.56167979
CHL,Chile,2012,4.157793327
CHN,China,2012,2.44971433
COL,Colombia,2012,4.765929148
CZE,Czech Republic,2012,3.34141011
DNK,Denmark,2012,4.645022492
EGY,Egypt,2012,2.637435094
EUZ,Euro area,2012,4.344434693
GBR,Britain,2012,4.1623715
HKG,Hong Kong,2012,2.126795692
HUN,Hungary,2012,3.484245961
IDN,Indonesia,2012,2.552069602
IND,India,2012,1.584616754
ISR,Israel,2012,2.919349893
JPN,Japan,2012,4.091025313
KOR,South Korea,2012,3.214596003
LKA,Sri Lanka,2012,2.213740458
MEX,Mexico,2012,2.703295098
MYS,Malaysia,2012,2.331810304
NOR,Norway,2012,7.058379363
NZL,New Zealand,2012,4.004520001
PAK,Pakistan,2012,3.012525765
PHL,Philippines,2012,2.796208531
POL,Poland,2012,2.629791784
RUS,Russia,2012,2.289010461
SAU,Saudi Arabia,2012,2.666488901
SGP,Singapore,2012,3.496225665
SWE,Sweden,2012,5.728681352
THA,Thailand,2012,2.586750789
TUR,Turkey,2012,4.515846516
TWN,Taiwan,2012,2.483813813
UKR,Ukraine,2012,1.85517284
URY,Uruguay,2012,4.526748971
USA,United States,2012,4.3275
VEN,Venezuela,2012,7.91682675
ZAF,South Africa,2012,2.355844739
ARE,UAE,2013,3.267039654
ARG,Argentina,2013,3.817944338
AUS,Australia,2013,4.900454998
BRA,Brazil,2013,5.64376552
CAN,Canada,2013,5.394356367
CHE,Switzerland,2013,7.124849282
CHL,Chile,2013,4.345521993
CHN,China,2013,2.572181853
COL,Colombia,2013,4.850057101
CRI,Costa Rica,2013,4.392708105
CZE,Czech Republic,2013,3.722158566
DNK,Denmark,2013,5.183750307
EGY,Egypt,2013,2.393149609
EUZ,Euro area,2013,4.878031129
GBR,Britain,2013,4.248182498
HKG,Hong Kong,2013,2.190975757
HUN,Hungary,2013,3.816629792
IDN,Indonesia,2013,2.860404402
IND,India,2013,1.666822736
ISR,Israel,2013,4.00048328
JPN,Japan,2013,3.513973535
KOR,South Korea,2013,3.408645984
LKA,Sri Lanka,2013,2.767892448
MEX,Mexico,2013,2.904603404
MYS,Malaysia,2013,2.578657152
NOR,Norway,2013,7.842279003
NZL,New Zealand,2013,4.324580001
PAK,Pakistan,2013,2.969333948
PER,Peru,2013,3.907013088
PHL,Philippines,2013,2.906403941
POL,Poland,2013,2.943078913
RUS,Russia,2013,2.425694791
SAU,Saudi Arabia,2013,2.933176897
SGP,Singapore,2013,3.644167308
SWE,Sweden,2013,6.388096355
THA,Thailand,2013,2.92387834
TUR,Turkey,2013,4.777385159
TWN,Taiwan,2013,2.542200529
UKR,Ukraine,2013,2.333005894
URY,Uruguay,2013,5.446058091
USA,United States,2013,4.367395833
VEN,Venezuela,2013,9.081065977
ZAF,South Africa,2013,2.310158063
ARE,UAE,2013,3.267084127
ARG,Argentina,2013,3.879907621
AUS,Australia,2013,4.619864251
BRA,Brazil,2013,5.284830335
CAN,Canada,2013,5.260404281
CHE,Switzerland,2013,6.719040728
CHL,Chile,2013,3.935806988
CHN,China,2013,2.608369606
COL,Colombia,2013,4.476834982
CRI,Costa Rica,2013,4.311425277
CZE,Czech Republic,2013,3.490595953
DNK,Denmark,2013,4.913284833
EGY,Egypt,2013,2.38973342
EUZ,Euro area,2013,4.659391484
GBR,Britain,2013,4.020070499
HKG,Hong Kong,2013,2.191667795
HUN,Hungary,2013,3.76430216
IDN,Indonesia,2013,2.803712995
IND,India,2013,1.500500167
ISR,Israel,2013,4.799846405
JPN,Japan,2013,3.196643524
KOR,South Korea,2013,3.434005459
LKA,Sri Lanka,2013,2.828746177
MEX,Mexico,2013,2.859096757
MYS,Malaysia,2013,2.295236598
NOR,Norway,2013,7.506404922
NZL,New Zealand,2013,4.299075001
PAK,Pakistan,2013,2.998950367
PER,Peru,2013,3.5932447
PHL,Philippines,2013,2.652163904
POL,Poland,2013,2.733620562
RUS,Russia,2013,2.641253958
SAU,Saudi Arabia,2013,2.666524452
SGP,Singapore,2013,3.687142073
SWE,Sweden,2013,6.15687377
THA,Thailand,2013,2.845723421
TUR,Turkey,2013,4.342384224
TWN,Taiwan,2013,2.630834041
UKR,Ukraine,2013,2.329858982
URY,Uruguay,2013,4.979843491
USA,United States,2013,4.556666667
VEN,Venezuela,2013,7.151825305
ZAF,South Africa,2013,2.239418746
ARE,UAE,2014,3.267084127
ARG,Argentina,2014,3.034134008
AUS,Australia,2014,4.473542499
BRA,Brazil,2014,5.247455619
CAN,Canada,2014,5.013120985
CHE,Switzerland,2014,7.1424647
CHL,Chile,2014,3.690377341
CHN,China,2014,2.743212202
COL,Colombia,2014,4.337311724
CRI,Costa Rica,2014,4.283551164
CZE,Czech Republic,2014,3.473215078
DNK,Denmark,2014,5.180499509
EGY,Egypt,2014,2.432121822
EUZ,Euro area,2014,4.961843535
GBR,Britain,2014,4.6267965
HKG,Hong Kong,2014,2.320230476
HUN,Hungary,2014,3.854824616
IDN,Indonesia,2014,2.301400329
IND,India,2014,1.53609831
ISR,Israel,2014,5.016914168
JPN,Japan,2014,2.97376373
KOR,South Korea,2014,3.466691652
LKA,Sri Lanka,2014,2.675840979
MEX,Mexico,2014,2.775121412
MYS,Malaysia,2014,2.226568377
NOR,Norway,2014,7.795434798
NZL,New Zealand,2014,4.571874999
PAK,Pakistan,2014,3.035621117
PER,Peru,2014,3.563156957
PHL,Philippines,2014,2.984744639
POL,Poland,2014,2.998305306
RUS,Russia,2014,2.62233255
SAU,Saudi Arabia,2014,2.933020478
SGP,Singapore,2014,3.596981663
SWE,Sweden,2014,6.287510717
THA,Thailand,2014,2.920152091
TUR,Turkey,2014,3.758484225
TWN,Taiwan,2014,2.619276549
UKR,Ukraine,2014,2.267573696
URY,Uruguay,2014,4.911131899
USA,United States,2014,4.624166667
VEN,Venezuela,2014,7.151825305
ZAF,South Africa,2014,2.1603931
ARE,UAE,2014,3.539292958
ARG,Argentina,2014,2.570772762
AUS,Australia,2014,4.814145
BRA,Brazil,2014,5.855196487
CAN,Canada,2014,5.251152181
CHE,Switzerland,2014,6.826241135
CHL,Chile,2014,3.722480235
CHN,China,2014,2.726554055
COL,Colombia,2014,4.654561199
CRI,Costa Rica,2014,4.001488926
CZE,Czech Republic,2014,3.455514845
DNK,Denmark,2014,5.145518885
EGY,Egypt,2014,2.36781561
EUZ,Euro area,2014,4.95354247
GBR,Britain,2014,4.925137996
HKG,Hong Kong,2014,2.425665607
HUN,Hungary,2014,3.766871808
IDN,Indonesia,2014,2.428422425
IND,India,2014,1.747415282
ISR,Israel,2014,5.12625227
JPN,Japan,2014,3.644243081
KOR,South Korea,2014,4.004884005
LKA,Sri Lanka,2014,2.687036966
MEX,Mexico,2014,3.247619379
MYS,Malaysia,2014,2.408839779
NOR,Norway,2014,7.757826516
NZL,New Zealand,2014,4.944750001
PAK,Pakistan,2014,3.040129712
PER,Peru,2014,3.586800574
PHL,Philippines,2014,3.703275084
POL,Poland,2014,2.995376701
RUS,Russia,2014,2.554736668
SAU,Saudi Arabia,2014,2.933059581
SGP,Singapore,2014,3.79644588
SWE,Sweden,2014,5.953774137
THA,Thailand,2014,3.115166772
TUR,Turkey,2014,4.423191871
TWN,Taiwan,2014,2.634914282
UKR,Ukraine,2014,1.62601626
URY,Uruguay,2014,4.919460165
USA,United States,2014,4.795
VEN,Venezuela,2014,6.818181818
VNM,Vietnam,2014,2.826189355
ZAF,South Africa,2014,2.330115555
ARE,UAE,2015,3.539292958
ARG,Argentina,2015,3.25203252
AUS,Australia,2015,4.318704999
BRA,Brazil,2015,5.206826728
CAN,Canada,2015,4.639615807
CHE,Switzerland,2015,7.543666222
CHL,Chile,2015,3.346693546
CHN,China,2015,2.769057394
COL,Colombia,2015,3.340408798
CRI,Costa Rica,2015,4.010520622
CZE,Czech Republic,2015,2.919208975
DNK,Denmark,2015,5.376008976
EGY,Egypt,2015,2.303385691
EUZ,Euro area,2015,4.263832002
GBR,Britain,2015,4.368234997
HKG,Hong Kong,2015,2.425383965
HUN,Hungary,2015,3.168831083
IDN,Indonesia,2015,2.238701923
IND,India,2015,1.886715897
ISR,Israel,2015,4.448228969
JPN,Japan,2015,3.141850295
KOR,South Korea,2015,3.784731838
LKA,Sri Lanka,2015,2.654028436
MEX,Mexico,2015,3.349854726
MYS,Malaysia,2015,2.11035818
NOR,Norway,2015,6.297146605
NZL,New Zealand,2015,4.492555001
PAK,Pakistan,2015,2.978110885
PER,Peru,2015,3.324468085
PHL,Philippines,2015,3.670344517
POL,Poland,2015,2.48205903
RUS,Russia,2015,1.364465635
SAU,Saudi Arabia,2015,2.927945913
SGP,Singapore,2015,3.525484754
SWE,Sweden,2015,4.968595304
THA,Thailand,2015,3.036344119
TUR,Turkey,2015,3.96408751
TWN,Taiwan,2015,2.508493951
UKR,Ukraine,2015,1.200859563
URY,Uruguay,2015,4.626407369
USA,United States,2015,4.79
VEN,Venezuela,2015,2.533487134
VNM,Vietnam,2015,2.806361085
ZAF,South Africa,2015,2.221496243
ARE,UAE,2015,3.539389319
ARG,Argentina,2015,3.0651341
AUS,Australia,2015,3.922265
BRA,Brazil,2015,4.28251939
CAN,Canada,2015,4.53593859
CHE,Switzerland,2015,6.821998321
CHL,Chile,2015,3.268736867
CHN,China,2015,2.737872834
COL,Colombia,2015,2.916312895
CRI,Costa Rica,2015,4.031501969
CZE,Czech Republic,2015,2.833749962
DNK,Denmark,2015,5.078512124
EGY,Egypt,2015,2.162182872
EUZ,Euro area,2015,4.053904998
GBR,Britain,2015,4.512446003
HKG,Hong Kong,2015,2.477163648
HUN,Hungary,2015,3.18158583
IDN,Indonesia,2015,2.285585822
IND,India,2015,1.832728993
ISR,Israel,2015,4.631651382
JPN,Japan,2015,2.985435914
KOR,South Korea,2015,3.760384784
LKA,Sri Lanka,2015,2.614867389
MEX,Mexico,2015,3.113137121
MYS,Malaysia,2015,2.009720215
NOR,Norway,2015,5.649335896
NZL,New Zealand,2015,3.909635
PAK,Pakistan,2015,3.441494592
PER,Peru,2015,3.141196796
PHL,Philippines,2015,3.605197678
POL,Poland,2015,2.543989824
RUS,Russia,2015,1.883305465
SAU,Saudi Arabia,2015,3.199530735
SGP,Singapore,2015,3.43969555
SWE,Sweden,2015,5.127513156
THA,Thailand,2015,3.168316832
TUR,Turkey,2015,3.874210984
TWN,Taiwan,2015,2.546744036
UKR,Ukraine,2015,1.548974943
URY,Uruguay,2015,4.13238252
USA,United States,2015,4.79
VEN,Venezuela,2015,0.670050761
VNM,Vietnam,2015,2.751031637
ZAF,South Africa,2015,2.094316749
ARE,UAE,2016,3.53924478
ARG,Argentina,2016,2.389702554
AUS,Australia,2016,3.743655001
BRA,Brazil,2016,3.354203936
CAN,Canada,2016,4.144195288
CHE,Switzerland,2016,6.443298969
CHL,Chile,2016,2.93618003
CHN,China,2016,2.6836632
COL,Colombia,2016,2.427855804
CRI,Costa Rica,2016,4.016814573
CZE,Czech Republic,2016,2.982795237
DNK,Denmark,2016,4.322455155
EGY,Egypt,2016,2.162182872
EUZ,Euro area,2016,3.999000001
GBR,Britain,2016,4.221856502
HKG,Hong Kong,2016,2.476668365
HUN,Hungary,2016,3.075040731
IDN,Indonesia,2016,2.186771823
IND,India,2016,1.901126455
ISR,Israel,2016,4.288197308
JPN,Japan,2016,3.118546926
KOR,South Korea,2016,3.590064705
LKA,Sri Lanka,2016,2.429711906
MEX,Mexico,2016,2.810156709
MYS,Malaysia,2016,1.821286283
NOR,Norway,2016,5.214688038
NZL,New Zealand,2016,3.912289999
PAK,Pakistan,2016,2.86027554
PER,Peru,2016,2.925687537
PHL,Philippines,2016,2.785900367
POL,Poland,2016,2.371717272
RUS,Russia,2016,1.527024312
SAU,Saudi Arabia,2016,3.196334869
SGP,Singapore,2016,3.270133936
SWE,Sweden,2016,5.231432773
THA,Thailand,2016,3.092214246
TUR,Turkey,2016,3.405768208
TWN,Taiwan,2016,2.076343229
UKR,Ukraine,2016,1.541755889
URY,Uruguay,2016,3.743581249
USA,United States,2016,4.93
VEN,Venezuela,2016,0.664322748
VNM,Vietnam,2016,2.67052409
ZAF,South Africa,2016,1.770611019
ARE,UAE,2016,3.53924478
ARG,Argentina,2016,3.347840643
AUS,Australia,2016,4.3047375
BRA,Brazil,2016,4.781810609
CAN,Canada,2016,4.60475825
CHE,Switzerland,2016,6.591623568
CHL,Chile,2016,3.532374985
CHN,China,2016,2.785265049
COL,Colombia,2016,3.03857972
CRI,Costa Rica,2016,4.117937737
CZE,Czech Republic,2016,3.055419193
DNK,Denmark,2016,4.439741607
EGY,Egypt,2016,2.590104674
EUZ,Euro area,2016,4.205628998
GBR,Britain,2016,3.940221999
HKG,Hong Kong,2016,2.475694355
HUN,Hungary,2016,3.150822522
IDN,Indonesia,2016,2.364156339
IND,India,2016,2.410714286
ISR,Israel,2016,4.379656625
JPN,Japan,2016,3.466854064
KOR,South Korea,2016,3.856435427
LKA,Sri Lanka,2016,3.625170999
MEX,Mexico,2016,2.37388724
MYS,Malaysia,2016,1.986590514
NOR,Norway,2016,5.510063519
NZL,New Zealand,2016,4.221300001
PAK,Pakistan,2016,3.577561534
PER,Peru,2016,3.024940636
PHL,Philippines,2016,2.822880187
POL,Poland,2016,2.420788521
RUS,Russia,2016,2.050229034
SAU,Saudi Arabia,2016,3.19957339
SGP,Singapore,2016,4.014141563
SWE,Sweden,2016,5.228712543
THA,Thailand,2016,3.403403403
TUR,Turkey,2016,3.53263995
TWN,Taiwan,2016,2.154297668
UKR,Ukraine,2016,1.572580645
URY,Uruguay,2016,4.077573347
USA,United States,2016,5.04
VEN,Venezuela,2016,3.38322367
VNM,Vietnam,2016,2.69058296
ZAF,South Africa,2016,2.101760224
ARE,UAE,2017,3.539341138
ARG,Argentina,2017,3.468390352
AUS,Australia,2017,4.275180001
BRA,Brazil,2017,5.117945378
CAN,Canada,2017,4.509803922
CHE,Switzerland,2017,6.350136772
CHL,Chile,2017,3.641471154
CHN,China,2017,2.829671123
COL,Colombia,2017,3.305923112
CRI,Costa Rica,2017,4.058954053
CZE,Czech Republic,2017,2.905653433
DNK,Denmark,2017,4.224608344
EGY,Egypt,2017,1.464571124
EUZ,Euro area,2017,4.061778002
GBR,Britain,2017,3.728394002
HKG,Hong Kong,2017,2.475518795
HUN,Hungary,2017,3.054811464
IDN,Indonesia,2017,2.325755871
IND,India,2017,2.48801727
ISR,Israel,2017,4.383916991
JPN,Japan,2017,3.257189388
KOR,South Korea,2017,3.677546074
LKA,Sri Lanka,2017,3.665200586
MEX,Mexico,2017,2.232295392
MYS,Malaysia,2017,1.7891088
NOR,Norway,2017,5.665820648
NZL,New Zealand,2017,4.1853
PAK,Pakistan,2017,3.579098067
PER,Peru,2017,3.242064311
PHL,Philippines,2017,2.680640935
POL,Poland,2017,2.300971921
RUS,Russia,2017,2.15098242
SAU,Saudi Arabia,2017,3.199445429
SGP,Singapore,2017,3.892267593
SWE,Sweden,2017,5.260533396
THA,Thailand,2017,3.345233745
TUR,Turkey,2017,2.748552216
TWN,Taiwan,2017,2.162670428
UKR,Ukraine,2017,1.542133284
URY,Uruguay,2017,4.351610096
USA,United States,2017,5.06
VEN,Venezuela,2017,5.2467859
VNM,Vietnam,2017,2.658160553
ZAF,South Africa,2017,1.886400287
ARE,UAE,2017,3.811598149
ARG,Argentina,2017,4.125534109
AUS,Australia,2017,4.527955001
BRA,Brazil,2017,5.101567573
CAN,Canada,2017,4.655696795
CHE,Switzerland,2017,6.741689571
CHL,Chile,2017,3.844095545
CHN,China,2017,2.917127072
COL,Colombia,2017,3.243604529
CRI,Costa Rica,2017,4.000034935
CZE,Czech Republic,2017,3.281399714
DNK,Denmark,2017,4.606490545
EGY,Egypt,2017,1.753983785
EUZ,Euro area,2017,4.4650245
GBR,Britain,2017,4.111431502
HKG,Hong Kong,2017,2.457914613
HUN,Hungary,2017,3.208947528
IDN,Indonesia,2017,2.402932047
IND,India,2017,2.757231925
ISR,Israel,2017,4.773337099
JPN,Japan,2017,3.361047232
KOR,South Korea,2017,3.843969772
LKA,Sri Lanka,2017,3.772971215
MEX,Mexico,2017,2.754240265
MYS,Malaysia,2017,2.003027833
NOR,Norway,2017,5.914160189
NZL,New Zealand,2017,4.432259999
PAK,Pakistan,2017,3.566333809
PER,Peru,2017,3.229278794
PHL,Philippines,2017,2.649451821
POL,Poland,2017,2.723399666
RUS,Russia,2017,2.278135388
SAU,Saudi Arabia,2017,3.199872005
SGP,Singapore,2017,4.06474559
SWE,Sweden,2017,5.818920701
THA,Thailand,2017,3.496246676
TUR,Turkey,2017,3.006110094
TWN,Taiwan,2017,2.26396522
UKR,Ukraine,2017,1.697858383
URY,Uruguay,2017,4.52882773
USA,United States,2017,5.3
VEN,Venezuela,2017,4.055555556
VNM,Vietnam,2017,2.63939294
ZAF,South Africa,2017,2.260738508
ARE,UAE,2018,3.811598149
ARG,Argentina,2018,3.96039604
AUS,Australia,2018,4.706135
BRA,Brazil,2018,5.111682518
CAN,Canada,2018,5.25724376
CHE,Switzerland,2018,6.764843628
CHL,Chile,2018,4.290889287
CHN,China,2018,3.171641791
COL,Colombia,2018,3.832468391
CRI,Costa Rica,2018,4.027931683
CZE,Czech Republic,2018,3.807779438
DNK,Denmark,2018,4.93202032
EGY,Egypt,2018,1.932768362
EUZ,Euro area,2018,4.835787497
GBR,Britain,2018,4.413045999
HKG,Hong Kong,2018,2.621818647
HUN,Hungary,2018,3.426638505
IDN,Indonesia,2018,2.67609851
IND,India,2018,2.81861066
ISR,Israel,2018,4.801606356
JPN,Japan,2018,3.431925943
KOR,South Korea,2018,4.115033902
LKA,Sri Lanka,2018,3.771131339
MEX,Mexico,2018,2.57186487
MYS,Malaysia,2018,2.276176024
NOR,Norway,2018,6.241958701
NZL,New Zealand,2018,4.510190001
PAK,Pakistan,2018,3.393511606
PER,Peru,2018,3.268991283
PHL,Philippines,2018,2.641695416
POL,Poland,2018,2.965572928
RUS,Russia,2018,2.290950745
SAU,Saudi Arabia,2018,3.19974402
SGP,Singapore,2018,4.385467468
SWE,Sweden,2018,6.12311069
THA,Thailand,2018,3.72456964
TUR,Turkey,2018,2.827013096
TWN,Taiwan,2018,2.334788346
UKR,Ukraine,2018,1.636775205
URY,Uruguay,2018,4.898530441
USA,United States,2018,5.28
VNM,Vietnam,2018,2.861986218
ZAF,South Africa,2018,2.447351354
ARE,United Arab Emirates,2018,3.811442495
ARG,Argentina,2018,2.705139766
AUS,Australia,2018,4.5154175
AZE,Azerbaijan,2018,2.321140003
BHR,Bahrain,2018,3.161638783
BRA,Brazil,2018,4.402933552
CAN,Canada,2018,5.06724578
CHE,Switzerland,2018,6.544173169
CHL,Chile,2018,4.050757215
CHN,China,2018,3.095741468
COL,Colombia,2018,4.140469787
CRI,Costa Rica,2018,4.03311025
CZE,Czech Republic,2018,3.399086779
DNK,Denmark,2018,4.717648724
EGY,Egypt,2018,1.752024574
EUZ,Euro area,2018,4.735082
GBR,Britain,2018,4.231535
GTM,Guatemala,2018,3.339076545
HKG,Hong Kong,2018,2.548338802
HND,Honduras,2018,3.542759017
HRV,Croatia,2018,3.326600927
HUN,Hungary,2018,3.074917285
IDN,Indonesia,2018,2.193593315
IND,India,2018,2.513621504
ISR,Israel,2018,4.676882445
JOR,Jordan,2018,2.746285473
JPN,Japan,2018,3.505617978
KOR,South Korea,2018,4.032258065
KWT,Kuwait,2018,3.47107438
LBN,Lebanon,2018,4.301786896
LKA,Sri Lanka,2018,3.641614868
MDA,Moldova,2018,2.582179359
MEX,Mexico,2018,2.57197596
MYS,Malaysia,2018,2.100683654
NIC,Nicaragua,2018,3.260814507
NOR,Norway,2018,5.222906174
NZL,New Zealand,2018,4.23398
OMN,Oman,2018,2.727272727
PAK,Pakistan,2018,3.0866738
PER,Peru,2018,3.20953691
PHL,Philippines,2018,2.617458448
POL,Poland,2018,2.739391638
QAT,Qatar,2018,3.295797858
ROU,Romania,2018,2.315484805
RUS,Russia,2018,2.092028326
SAU,Saudi Arabia,2018,3.199658703
SGP,Singapore,2018,4.277759339
SWE,Sweden,2018,5.826840025
THA,Thailand,2018,3.587579138
TUR,Turkey,2018,2.284196547
TWN,Taiwan,2018,2.271791917
UKR,Ukraine,2018,1.908469789
URY,Uruguay,2018,4.471414883
USA,United States,2018,5.51
VNM,Vietnam,2018,2.82124178
ZAF,South Africa,2018,2.320029337
ARE,United Arab Emirates,2019,3.811442495
ARG,Argentina,2019,2.002402883
AUS,Australia,2019,4.352045
AZE,Azerbaijan,2019,2.328323018
BHR,Bahrain,2019,3.183023873
BRA,Brazil,2019,4.545515674
CAN,Canada,2019,5.084873066
CHE,Switzerland,2019,6.62150461
CHL,Chile,2019,3.888127955
CHN,China,2019,3.051228521
COL,Colombia,2019,3.728654238
CRI,Costa Rica,2019,3.772807776
CZE,Czech Republic,2019,3.80966894
DNK,Denmark,2019,4.604440215
EGY,Egypt,2019,2.233389168
EUZ,Euro area,2019,4.6419075
GBR,Britain,2019,4.072992
GTM,Guatemala,2019,3.234864071
HKG,Hong Kong,2019,2.552860161
HND,Honduras,2019,3.492323052
HRV,Croatia,2019,3.241315974
HUN,Hungary,2019,3.032803336
IDN,Indonesia,2019,2.342086586
IND,India,2019,2.554351726
ISR,Israel,2019,4.584867241
JOR,Jordan,2019,2.748027057
JPN,Japan,2019,3.596458871
KOR,South Korea,2019,4.02288575
KWT,Kuwait,2019,3.464203233
LBN,Lebanon,2019,4.313205043
LKA,Sri Lanka,2019,3.182529013
MDA,Moldova,2019,2.317094364
MEX,Mexico,2019,2.537709588
MYS,Malaysia,2019,2.197935641
NIC,Nicaragua,2019,3.182873053
NOR,Norway,2019,5.859672561
NZL,New Zealand,2019,4.1912
OMN,Oman,2019,2.727981294
PAK,Pakistan,2019,3.312211982
PER,Peru,2019,3.135732418
PHL,Philippines,2019,2.672138188
POL,Poland,2019,2.801157812
QAT,Qatar,2019,3.295571576
ROU,Romania,2019,2.286725925
RUS,Russia,2019,1.652095674
SAU,Saudi Arabia,2019,3.199018968
SGP,Singapore,2019,4.277601593
SWE,Sweden,2019,5.838596491
THA,Thailand,2019,3.717878622
TUR,Turkey,2019,1.996879296
TWN,Taiwan,2019,2.240041554
UKR,Ukraine,2019,1.942446043
URY,Uruguay,2019,4.306367272
USA,United States,2019,5.58
VNM,Vietnam,2019,2.801844907
ZAF,South Africa,2019,2.235442582
ARE,United Arab Emirates,2019,4.015626914
ARG,Argentina,2019,2.870504372
AUS,Australia,2019,4.260105
AZE,Azerbaijan,2019,2.328323018
BHR,Bahrain,2019,3.713527851
BRA,Brazil,2019,4.596433168
CAN,Canada,2019,5.155934656
CHE,Switzerland,2019,6.542197172
CHL,Chile,2019,3.827473722
CHN,China,2019,3.050286146
COL,Colombia,2019,3.687635575
CRI,Costa Rica,2019,3.935147396
CZE,Czech Republic,2019,3.728184637
DNK,Denmark,2019,4.504978001
EGY,Egypt,2019,2.527836293
EUZ,Euro area,2019,4.572252
GBR,Britain,2019,4.101314
GTM,Guatemala,2019,3.255123564
HKG,Hong Kong,2019,2.624671916
HND,Honduras,2019,3.512584037
HRV,Croatia,2019,3.334293206
HUN,Hungary,2019,3.097667388
IDN,Indonesia,2019,2.264685067
IND,India,2019,2.669412904
ISR,Israel,2019,4.766310595
JOR,Jordan,2019,3.244005642
JPN,Japan,2019,3.585712316
KOR,South Korea,2019,3.811782644
KWT,Kuwait,2019,3.612479475
LBN,Lebanon,2019,4.313205043
LKA,Sri Lanka,2019,3.643090935
MDA,Moldova,2019,2.413804718
MEX,Mexico,2019,2.646167688
MYS,Malaysia,2019,2.136391068
NIC,Nicaragua,2019,3.317039633
NOR,Norway,2019,4.853948167
NZL,New Zealand,2019,4.2288
OMN,Oman,2019,3.142857143
PAK,Pakistan,2019,3.048586853
PER,Peru,2019,3.194596568
PHL,Philippines,2019,2.767087251
POL,Poland,2019,2.836320662
QAT,Qatar,2019,3.569712364
ROU,Romania,2019,2.204209329
RUS,Russia,2019,2.036380725
SAU,Saudi Arabia,2019,3.466343141
SGP,Singapore,2019,4.260633218
SWE,Sweden,2019,5.382557348
THA,Thailand,2019,3.860189766
TUR,Turkey,2019,2.444949318
TWN,Taiwan,2019,2.309765174
UKR,Ukraine,2019,2.222438834
URY,Uruguay,2019,4.663131406
USA,United States,2019,5.74
VNM,Vietnam,2019,2.79798545
ZAF,South Africa,2019,2.186948854
ARE,United Arab Emirates,2020,4.015626914
ARG,Argentina,2020,2.846887403
AUS,Australia,2020,4.451145
AZE,Azerbaijan,2020,2.328323018
BHR,Bahrain,2020,3.713527851
BRA,Brazil,2020,4.804558295
CAN,Canada,2020,5.181585091
CHE,Switzerland,2020,6.713142267
CHL,Chile,2020,3.416414318
CHN,China,2020,3.122730574
COL,Colombia,2020,3.619634234
CRI,Costa Rica,2020,4.123060188
CZE,Czech Republic,2020,3.755918333
DNK,Denmark,2020,4.464717569
EGY,Egypt,2020,2.644836272
EUZ,Euro area,2020,4.582058
GBR,Britain,2020,4.4102205
GTM,Guatemala,2020,3.244098984
HKG,Hong Kong,2020,2.636537262
HND,Honduras,2020,3.52872463
HRV,Croatia,2020,3.28529829
HUN,Hungary,2020,3.012550284
IDN,Indonesia,2020,2.414045355
IND,India,2020,2.652439433
ISR,Israel,2020,4.914004914
JOR,Jordan,2020,3.244005642
JPN,Japan,2020,3.544165758
KOR,South Korea,2020,3.892396851
KWT,Kuwait,2020,3.625576796
LBN,Lebanon,2020,4.29326288
LKA,Sri Lanka,2020,3.196472858
MDA,Moldova,2020,2.583237658
MEX,Mexico,2020,2.656677559
MYS,Malaysia,2020,2.331574426
NIC,Nicaragua,2020,3.542299484
NOR,Norway,2020,5.971730055
NZL,New Zealand,2020,4.29455
OMN,Oman,2020,2.99961044
PAK,Pakistan,2020,3.357546408
PER,Peru,2020,3.57615098
PHL,Philippines,2020,2.807433768
POL,Poland,2020,2.897329189
QAT,Qatar,2020,3.570447679
ROU,Romania,2020,2.210227537
RUS,Russia,2020,2.197533879
SAU,Saudi Arabia,2020,3.465003465
SGP,Singapore,2020,4.379616227
SWE,Sweden,2020,5.444492605
THA,Thailand,2020,3.798199983
TUR,Turkey,2020,2.20908975
TWN,Taiwan,2020,2.409275711
UKR,Ukraine,2020,2.375989996
URY,Uruguay,2020,4.781621477
USA,United States,2020,5.67
VNM,Vietnam,2020,2.847773559
ZAF,South Africa,2020,2.154124105
ARE,United Arab Emirates,2020,4.015845574
ARG,Argentina,2020,3.50923244
AUS,Australia,2020,4.57845
AZE,Azerbaijan,2020,2.324896998
BHR,Bahrain,2020,3.713035406
BRA,Brazil,2020,3.913527886
CAN,Canada,2020,5.07674144
CHE,Switzerland,2020,6.905710491
CHL,Chile,2020,3.478481655
CHN,China,2020,3.098450775
COL,Colombia,2020,3.290010257
CRI,Costa Rica,2020,4.039015168
CZE,Czech Republic,2020,3.801242024
DNK,Denmark,2020,4.580607236
EGY,Egypt,2020,2.63322884
EUZ,Euro area,2020,4.7861385
GBR,Britain,2020,4.2773325
GTM,Guatemala,2020,3.249707526
HKG,Hong Kong,2020,2.644837084
HND,Honduras,2020,3.523593904
HRV,Croatia,2020,3.319652342
HUN,Hungary,2020,2.890378076
IDN,Indonesia,2020,2.355386214
IND,India,2020,2.526679743
ISR,Israel,2020,4.946605756
JOR,Jordan,2020,3.244005642
JPN,Japan,2020,3.635516197
KOR,South Korea,2020,3.747033598
KWT,Kuwait,2020,3.736192333
LBN,Lebanon,2020,5.952380952
LKA,Sri Lanka,2020,3.658864676
MDA,Moldova,2020,2.752562225
MEX,Mexico,2020,2.228561241
MYS,Malaysia,2020,2.342046653
NIC,Nicaragua,2020,3.49088878
NOR,Norway,2020,5.549004647
NZL,New Zealand,2020,4.34841
OMN,Oman,2020,2.857142857
PAK,Pakistan,2020,3.303303303
PER,Peru,2020,3.402624882
PHL,Philippines,2020,2.872981831
POL,Poland,2020,2.789435646
QAT,Qatar,2020,3.570447679
ROU,Romania,2020,2.323916386
RUS,Russia,2020,1.91258766
SAU,Saudi Arabia,2020,3.732288293
SGP,Singapore,2020,4.251945806
SWE,Sweden,2020,5.755931016
THA,Thailand,2020,4.078381392
TUR,Turkey,2020,2.039507253
TWN,Taiwan,2020,2.444282247
UKR,Ukraine,2020,2.174714338
URY,Uruguay,2020,4.327418432
USA,United States,2020,5.71
VNM,Vietnam,2020,2.84728214
ZAF,South Africa,2020,1.859349228
ARE,United Arab Emirates,2021,4.015626914
ARG,Argentina,2021,3.748231303
AUS,Australia,2021,4.98474
AZE,Azerbaijan,2021,2.324896998
BHR,Bahrain,2021,3.978779841
BRA,Brazil,2021,3.978490717
CAN,Canada,2021,5.287823166
CHE,Switzerland,2021,7.290673546
CHL,Chile,2021,4.086596935
CHN,China,2021,3.459406032
COL,Colombia,2021,3.742233781
CRI,Costa Rica,2021,3.828795803
CZE,Czech Republic,2021,4.122106999
DNK,Denmark,2021,4.901440207
EGY,Egypt,2021,2.717391304
EUZ,Euro area,2021,5.1639625
GBR,Britain,2021,4.4377165
GTM,Guatemala,2021,3.204758425
HKG,Hong Kong,2021,2.643336535
HND,Honduras,2021,3.60950919
HRV,Croatia,2021,3.686635945
HUN,Hungary,2021,3.025983617
IDN,Indonesia,2021,2.407079646
IND,India,2021,2.588908571
ISR,Israel,2021,5.347593583
JOR,Jordan,2021,3.244005642
JPN,Japan,2021,3.739393068
KOR,South Korea,2021,4.100788263
KWT,Kuwait,2021,3.786631544
LBN,Lebanon,2021,1.771428571
LKA,Sri Lanka,2021,3.703703704
MDA,Moldova,2021,2.90275762
MEX,Mexico,2021,2.684597124
MYS,Malaysia,2021,2.465449161
NIC,Nicaragua,2021,3.558586093
NOR,Norway,2021,6.086213556
NZL,New Zealand,2021,4.87424
OMN,Oman,2021,2.857142857
PAK,Pakistan,2021,3.429996882
PER,Peru,2021,3.286657276
PHL,Philippines,2021,2.952643344
POL,Poland,2021,3.513673239
QAT,Qatar,2021,3.570447679
ROU,Romania,2021,2.469505351
RUS,Russia,2021,1.808924025
SAU,Saudi Arabia,2021,3.731542193
SGP,Singapore,2021,4.433423505
SWE,Sweden,2021,6.374732528
THA,Thailand,2021,4.248257551
TUR,Turkey,2021,2.006559133
TWN,Taiwan,2021,2.573266619
UKR,Ukraine,2021,2.203269367
URY,Uruguay,2021,4.800564772
USA,United States,2021,5.66
VNM,Vietnam,2021,2.861602497
ZAF,South Africa,2021,2.158157513
ARE,United Arab Emirates,2021,4.015626914
ARG,Argentina,2021,3.944619617
AUS,Australia,2021,4.7929625
AZE,Azerbaijan,2021,2.324896998
BHR,Bahrain,2021,3.978779841
BRA,Brazil,2021,4.363026683
CAN,Canada,2021,5.313554666
CHE,Switzerland,2021,7.044161474
CHL,Chile,2021,3.937915276
CHN,China,2021,3.456950167
COL,Colombia,2021,3.37054379
CRI,Costa Rica,2021,3.836565545
CZE,Czech Republic,2021,4.082447083
DNK,Denmark,2021,4.743908031
EGY,Egypt,2021,2.712188896
EUZ,Euro area,2021,5.0461125
GBR,Britain,2021,4.7504135
GTM,Guatemala,2021,3.35709121
HKG,Hong Kong,2021,2.701694348
HND,Honduras,2021,3.664083558
HRV,Croatia,2021,3.751142926
HUN,Hungary,2021,2.970766253
IDN,Indonesia,2021,2.342001033
IND,India,2021,2.546404878
ISR,Israel,2021,5.16395559
JOR,Jordan,2021,3.004231312
JPN,Japan,2021,3.547550825
KOR,South Korea,2021,3.998782979
KWT,Kuwait,2021,4.155585106
LBN,Lebanon,2021,1.681818182
LKA,Sri Lanka,2021,3.50877193
MDA,Moldova,2021,2.892102336
MEX,Mexico,2021,3.178505358
MYS,Malaysia,2021,2.364776897
NIC,Nicaragua,2021,3.635712926
NOR,Norway,2021,6.302242271
NZL,New Zealand,2021,4.762725
OMN,Oman,2021,2.986625114
PAK,Pakistan,2021,3.600248293
PER,Peru,2021,3.264913568
PHL,Philippines,2021,2.820258193
POL,Poland,2021,3.437551992
QAT,Qatar,2021,3.570447679
ROU,Romania,2021,2.531222389
RUS,Russia,2021,1.811351134
SAU,Saudi Arabia,2021,3.732636575
SGP,Singapore,2021,4.312077471
SWE,Sweden,2021,6.195147135
THA,Thailand,2021,3.901249619
TUR,Turkey,2021,2.336030851
TWN,Taiwan,2021,2.567073714
UKR,Ukraine,2021,2.387950037
URY,Uruguay,2021,5.113636364
USA,United States,2021,5.65
VEN,Venezuela,2021,4.432774888
VNM,Vietnam,2021,2.996287209
ZAF,South Africa,2021,2.284739983
ARE,United Arab Emirates,2022,4.628306176
ARG,Argentina,2022,4.285040922
AUS,Australia,2022,4.50912
AZE,Azerbaijan,2022,2.648616833
BHR,Bahrain,2022,3.978779841
BRA,Brazil,2022,4.312617702
CAN,Canada,2022,5.323164019
CHE,Switzerland,2022,6.981365125
CHL,Chile,2022,3.881793138
CHN,China,2022,3.833253474
COL,Colombia,2022,3.285138616
CRI,Costa Rica,2022,4.123968035
CZE,Czech Republic,2022,4.105128181
DNK,Denmark,2022,4.821237551
EGY,Egypt,2022,2.705283259
EUZ,Euro area,2022,4.95482
GBR,Britain,2022,4.8165235
GTM,Guatemala,2022,3.381102239
HKG,Hong Kong,2022,2.821399029
HND,Honduras,2022,3.615806355
HRV,Croatia,2022,3.524944155
HUN,Hungary,2022,3.092804772
IDN,Indonesia,2022,2.364066194
IND,India,2022,2.54614895
ISR,Israel,2022,5.349697113
JOR,Jordan,2022,2.990126939
JPN,Japan,2022,3.384682144
KOR,South Korea,2022,3.815844048
KWT,Kuwait,2022,4.126774513
LBN,Lebanon,2022,3.255813953
LKA,Sri Lanka,2022,4.149992589
MDA,Moldova,2022,2.888888889
MEX,Mexico,2022,3.341566178
MYS,Malaysia,2022,2.386811612
NIC,Nicaragua,2022,3.779438725
NOR,Norway,2022,6.392965495
NZL,New Zealand,2022,4.59725
OMN,Oman,2022,2.987012987
PAK,Pakistan,2022,3.342397462
PER,Peru,2022,3.36169492
PHL,Philippines,2022,2.785679255
POL,Poland,2022,3.439179287
QAT,Qatar,2022,3.570447679
ROU,Romania,2022,2.402592987
RUS,Russia,2022,1.743791778
SAU,Saudi Arabia,2022,3.99797436
SGP,Singapore,2022,4.363421218
SWE,Sweden,2022,5.78523907
THA,Thailand,2022,3.844421084
TUR,Turkey,2022,1.862770676
TWN,Taiwan,2022,2.696483785
UKR,Ukraine,2022,2.432378126
URY,Uruguay,2022,5.427439225
USA,United States,2022,5.81
VEN,Venezuela,2022,5.062176736
VNM,Vietnam,2022,3.046357616
ZAF,South Africa,2022,2.57918552